cluster_0,cluster_1,cluster_2,cluster_3,cluster_4,cluster_5,cluster_6,cluster_7,cluster_8,MIN,POSS,Predicted_Net_Rating
2,1,0,0,0,0,2,0,0,100000000,100000000,3.93923690039674
2,1,0,1,0,1,0,0,0,100000000,100000000,3.7937649282773878
2,1,0,0,0,0,1,0,1,100000000,100000000,3.7706366664850766
2,1,1,0,0,0,0,0,1,100000000,100000000,3.7706366664850766
2,1,2,0,0,0,0,0,0,100000000,100000000,3.7706366664850766
2,1,0,0,0,0,1,1,0,100000000,100000000,3.7706366664850766
2,1,0,0,1,0,1,0,0,100000000,100000000,3.7706366664850766
2,1,1,0,0,0,0,1,0,100000000,100000000,3.7706366664850766
2,1,1,0,1,0,0,0,0,100000000,100000000,3.7706366664850766
2,1,1,0,0,0,1,0,0,100000000,100000000,3.7706366664850766
2,1,0,0,0,0,0,1,1,100000000,100000000,3.7706366664850766
2,1,0,0,1,0,0,0,1,100000000,100000000,3.7706366664850766
2,1,0,0,1,0,0,1,0,100000000,100000000,3.7706366664850766
2,1,0,2,0,0,0,0,0,100000000,100000000,3.7577779679481846
2,1,0,1,1,0,0,0,0,100000000,100000000,3.7577779679481846
2,1,0,1,0,0,0,1,0,100000000,100000000,3.7577779679481846
2,1,0,1,0,0,0,0,1,100000000,100000000,3.7577779679481846
2,1,0,1,0,0,1,0,0,100000000,100000000,3.7577779679481846
2,1,1,1,0,0,0,0,0,100000000,100000000,3.7577779679481846
2,1,0,0,0,0,0,0,2,100000000,100000000,3.708996189065113
2,1,0,0,2,0,0,0,0,100000000,100000000,3.699891223178384
2,1,0,0,1,1,0,0,0,100000000,100000000,3.69914565806428
2,1,0,0,0,1,0,0,1,100000000,100000000,3.69914565806428
2,1,1,0,0,1,0,0,0,100000000,100000000,3.69914565806428
2,1,0,0,0,1,0,1,0,100000000,100000000,3.69914565806428
2,1,0,0,0,1,1,0,0,100000000,100000000,3.69914565806428
2,1,0,0,0,2,0,0,0,100000000,100000000,3.6706339913976134
3,1,0,1,0,0,0,0,0,100000000,100000000,3.6414909138240303
3,1,0,0,0,0,1,0,0,100000000,100000000,3.56466576180176
3,1,0,0,0,0,0,1,0,100000000,100000000,3.56466576180176
3,1,1,0,0,0,0,0,0,100000000,100000000,3.56466576180176
3,1,0,0,1,0,0,0,0,100000000,100000000,3.56466576180176
3,1,0,0,0,0,0,0,1,100000000,100000000,3.56466576180176
3,1,0,0,0,1,0,0,0,100000000,100000000,3.500308601763881
4,1,0,0,0,0,0,0,0,100000000,100000000,3.40350373055176
2,1,0,0,0,0,0,2,0,100000000,100000000,2.6924613299469384
2,2,0,1,0,0,0,0,0,100000000,100000000,2.4688811646725757
2,2,0,0,0,1,0,0,0,100000000,100000000,2.23584805364596
1,1,0,0,0,0,0,0,3,100000000,100000000,2.2122026826348375
2,2,0,0,0,0,0,0,1,100000000,100000000,2.1689047820500504
2,2,0,0,1,0,0,0,0,100000000,100000000,2.1689047820500504
2,2,0,0,0,0,0,1,0,100000000,100000000,2.1689047820500504
2,2,1,0,0,0,0,0,0,100000000,100000000,2.1689047820500504
2,2,0,0,0,0,1,0,0,100000000,100000000,2.1689047820500504
3,2,0,0,0,0,0,0,0,100000000,100000000,2.0932120431633545
2,3,0,0,0,0,0,0,0,100000000,100000000,2.091330435845447
2,0,0,0,0,0,0,0,3,100000000,100000000,1.9871241580608359
0,1,1,0,0,0,0,0,3,100000000,100000000,1.9498284887056323
0,1,0,0,0,0,1,0,3,100000000,100000000,1.9498284887056323
0,1,0,0,0,0,0,1,3,100000000,100000000,1.9498284887056323
0,1,0,0,0,0,0,0,4,100000000,100000000,1.9498284887056323
0,1,0,0,1,0,0,0,3,100000000,100000000,1.9498284887056323
0,1,0,0,0,0,2,0,2,100000000,100000000,1.8663255010473176
1,1,0,0,0,0,2,0,1,100000000,100000000,1.8512114275301226
1,1,1,0,0,0,2,0,0,100000000,100000000,1.8512114275301226
1,1,0,0,1,0,2,0,0,100000000,100000000,1.8512114275301226
1,1,0,0,0,0,2,1,0,100000000,100000000,1.8512114275301226
1,1,0,0,0,0,3,0,0,100000000,100000000,1.8512114275301226
0,1,0,0,0,1,0,0,3,100000000,100000000,1.8342809929949815
3,0,0,0,0,0,2,0,0,100000000,100000000,1.8028658754322142
2,0,0,0,0,0,3,0,0,100000000,100000000,1.8009774230512618
2,0,1,0,0,0,2,0,0,100000000,100000000,1.8009774230512618
2,0,0,0,0,0,2,0,1,100000000,100000000,1.8009774230512618
2,0,0,0,0,0,2,1,0,100000000,100000000,1.8009774230512618
2,0,0,0,1,0,2,0,0,100000000,100000000,1.8009774230512618
1,1,0,0,0,1,2,0,0,100000000,100000000,1.7724217871907064
0,1,1,0,0,0,3,0,0,100000000,100000000,1.7327237507585271
0,1,0,0,0,0,4,0,0,100000000,100000000,1.7327237507585271
0,1,1,0,0,0,2,0,1,100000000,100000000,1.7327237507585271
0,1,0,0,1,0,3,0,0,100000000,100000000,1.7327237507585271
0,1,0,0,1,0,2,0,1,100000000,100000000,1.7327237507585271
0,1,0,0,0,0,3,1,0,100000000,100000000,1.7327237507585271
0,1,0,0,1,0,2,1,0,100000000,100000000,1.7327237507585271
0,1,1,0,1,0,2,0,0,100000000,100000000,1.7327237507585271
0,1,1,0,0,0,2,1,0,100000000,100000000,1.7327237507585271
0,1,0,0,0,0,2,1,1,100000000,100000000,1.7327237507585271
0,1,0,0,0,0,3,0,1,100000000,100000000,1.7327237507585271
0,1,2,0,0,0,2,0,0,100000000,100000000,1.7327237507585271
2,0,0,0,1,0,0,0,2,100000000,100000000,1.7163817890132167
2,0,0,0,0,0,1,0,2,100000000,100000000,1.7163817890132167
2,0,0,0,0,0,0,1,2,100000000,100000000,1.7163817890132167
2,0,1,0,0,0,0,0,2,100000000,100000000,1.7163817890132167
2,0,0,0,0,1,2,0,0,100000000,100000000,1.6975185897179281
2,0,0,0,0,0,1,1,1,100000000,100000000,1.6588362577549411
2,0,0,0,1,0,0,1,1,100000000,100000000,1.6588362577549411
2,0,1,0,0,0,0,1,1,100000000,100000000,1.6588362577549411
2,0,0,0,1,0,1,0,1,100000000,100000000,1.6588362577549411
2,0,1,0,1,0,0,0,1,100000000,100000000,1.6588362577549411
2,0,1,0,0,0,1,1,0,100000000,100000000,1.6588362577549411
2,0,1,0,0,0,1,0,1,100000000,100000000,1.6588362577549411
2,0,0,0,1,0,1,1,0,100000000,100000000,1.6588362577549411
2,0,1,0,1,0,1,0,0,100000000,100000000,1.6588362577549411
2,0,1,0,1,0,0,1,0,100000000,100000000,1.6588362577549411
3,0,0,0,0,0,0,0,2,100000000,100000000,1.630485955679884
0,1,0,0,0,1,2,1,0,100000000,100000000,1.605543623781134
0,1,0,0,0,2,2,0,0,100000000,100000000,1.605543623781134
0,1,0,0,0,1,3,0,0,100000000,100000000,1.605543623781134
0,1,0,0,0,1,2,0,1,100000000,100000000,1.605543623781134
0,1,0,0,1,1,2,0,0,100000000,100000000,1.605543623781134
0,1,1,0,0,1,2,0,0,100000000,100000000,1.605543623781134
1,1,0,3,0,0,0,0,0,100000000,100000000,1.5959099514695032
2,0,0,0,0,1,0,0,2,100000000,100000000,1.541075455679884
1,1,0,1,1,1,0,0,0,100000000,100000000,1.5300130033399417
1,1,0,1,0,2,0,0,0,100000000,100000000,1.5300130033399417
1,1,0,1,0,1,1,0,0,100000000,100000000,1.5300130033399417
1,1,0,1,0,1,0,0,1,100000000,100000000,1.5300130033399417
1,1,0,1,0,1,0,1,0,100000000,100000000,1.5300130033399417
1,1,0,2,0,1,0,0,0,100000000,100000000,1.5300130033399417
1,1,1,1,0,1,0,0,0,100000000,100000000,1.5300130033399417
0,2,0,0,0,0,0,0,3,100000000,100000000,1.5153551906262792
5,0,0,0,0,0,0,0,0,100000000,100000000,1.5144496431716086
4,0,0,0,0,0,0,0,1,100000000,100000000,1.5144496431716086
4,0,0,0,0,0,0,1,0,100000000,100000000,1.5144496431716086
4,0,0,0,1,0,0,0,0,100000000,100000000,1.5144496431716086
4,0,1,0,0,0,0,0,0,100000000,100000000,1.5144496431716086
4,0,0,0,0,0,1,0,0,100000000,100000000,1.5144496431716086
2,0,0,0,2,0,0,1,0,100000000,100000000,1.509325808801118
2,0,1,0,2,0,0,0,0,100000000,100000000,1.509325808801118
2,0,0,0,2,0,1,0,0,100000000,100000000,1.509325808801118
2,0,0,0,2,0,0,0,1,100000000,100000000,1.509325808801118
2,0,0,0,3,0,0,0,0,100000000,100000000,1.509325808801118
3,0,0,0,0,0,1,0,1,100000000,100000000,1.4971904244216088
3,0,0,0,0,0,1,1,0,100000000,100000000,1.4971904244216088
3,0,0,0,1,0,1,0,0,100000000,100000000,1.4971904244216088
3,0,0,0,1,0,0,1,0,100000000,100000000,1.4971904244216088
3,0,1,0,0,0,0,1,0,100000000,100000000,1.4971904244216088
3,0,1,0,0,0,0,0,1,100000000,100000000,1.4971904244216088
3,0,0,0,0,0,0,1,1,100000000,100000000,1.4971904244216088
3,0,0,0,1,0,0,0,1,100000000,100000000,1.4971904244216088
3,0,1,0,0,0,1,0,0,100000000,100000000,1.4971904244216088
3,0,1,0,1,0,0,0,0,100000000,100000000,1.4971904244216088
2,0,0,0,1,1,0,0,1,100000000,100000000,1.485584757754942
2,0,0,0,0,1,0,1,1,100000000,100000000,1.485584757754942
2,0,1,0,1,1,0,0,0,100000000,100000000,1.485584757754942
2,0,0,0,0,1,1,1,0,100000000,100000000,1.485584757754942
2,0,0,0,1,1,1,0,0,100000000,100000000,1.485584757754942
2,0,0,0,1,1,0,1,0,100000000,100000000,1.485584757754942
2,0,1,0,0,1,1,0,0,100000000,100000000,1.485584757754942
2,0,1,0,0,1,0,1,0,100000000,100000000,1.485584757754942
2,0,1,0,0,1,0,0,1,100000000,100000000,1.485584757754942
2,0,0,0,0,1,1,0,1,100000000,100000000,1.485584757754942
1,1,0,1,0,0,2,0,0,100000000,100000000,1.4838627705907539
0,1,0,1,0,0,0,0,3,100000000,100000000,1.480589208626406
1,1,1,1,0,0,0,1,0,100000000,100000000,1.4703204890783101
1,1,0,2,1,0,0,0,0,100000000,100000000,1.4703204890783101
1,1,0,2,0,0,1,0,0,100000000,100000000,1.4703204890783101
1,1,1,1,1,0,0,0,0,100000000,100000000,1.4703204890783101
1,1,1,2,0,0,0,0,0,100000000,100000000,1.4703204890783101
1,1,1,1,0,0,0,0,1,100000000,100000000,1.4703204890783101
1,1,0,1,0,0,1,0,1,100000000,100000000,1.4703204890783101
1,1,1,1,0,0,1,0,0,100000000,100000000,1.4703204890783101
1,1,0,2,0,0,0,0,1,100000000,100000000,1.4703204890783101
1,1,0,1,0,0,0,1,1,100000000,100000000,1.4703204890783101
1,1,0,2,0,0,0,1,0,100000000,100000000,1.4703204890783101
1,1,0,1,1,0,0,1,0,100000000,100000000,1.4703204890783101
1,1,0,1,0,0,1,1,0,100000000,100000000,1.4703204890783101
1,1,0,1,1,0,0,0,1,100000000,100000000,1.4703204890783101
1,1,0,1,1,0,1,0,0,100000000,100000000,1.4703204890783101
1,1,2,1,0,0,0,0,0,100000000,100000000,1.4703204890783101
2,0,0,0,0,2,0,0,1,100000000,100000000,1.4570730910882752
2,0,0,0,0,2,0,1,0,100000000,100000000,1.4570730910882752
2,0,0,0,0,2,1,0,0,100000000,100000000,1.4570730910882752
2,0,0,0,1,2,0,0,0,100000000,100000000,1.4570730910882752
2,0,1,0,0,2,0,0,0,100000000,100000000,1.4570730910882752
2,0,0,0,1,0,0,2,0,100000000,100000000,1.4486978944910727
2,0,0,0,0,0,0,2,1,100000000,100000000,1.4486978944910727
2,0,0,0,0,0,1,2,0,100000000,100000000,1.4486978944910727
2,0,0,0,0,0,0,3,0,100000000,100000000,1.4486978944910727
2,0,1,0,0,0,0,2,0,100000000,100000000,1.4486978944910727
0,1,0,0,2,0,2,0,0,100000000,100000000,1.4356038923026448
2,0,2,0,0,0,1,0,0,100000000,100000000,1.4312075483393576
2,0,2,0,0,0,0,1,0,100000000,100000000,1.4312075483393576
2,0,2,0,0,0,0,0,1,100000000,100000000,1.4312075483393576
2,0,2,0,1,0,0,0,0,100000000,100000000,1.4312075483393576
2,0,3,0,0,0,0,0,0,100000000,100000000,1.4312075483393576
1,1,3,0,0,0,0,0,0,100000000,100000000,1.4206956907324548
1,1,0,0,1,0,1,0,1,100000000,100000000,1.4206956907324548
1,1,0,0,1,0,1,1,0,100000000,100000000,1.4206956907324548
1,1,1,0,1,0,0,0,1,100000000,100000000,1.4206956907324548
1,1,1,0,1,0,1,0,0,100000000,100000000,1.4206956907324548
1,1,1,0,0,0,1,0,1,100000000,100000000,1.4206956907324548
1,1,1,0,0,0,1,1,0,100000000,100000000,1.4206956907324548
1,1,2,0,0,0,1,0,0,100000000,100000000,1.4206956907324548
1,1,2,0,1,0,0,0,0,100000000,100000000,1.4206956907324548
1,1,2,0,0,0,0,0,1,100000000,100000000,1.4206956907324548
1,1,2,0,0,0,0,1,0,100000000,100000000,1.4206956907324548
1,1,1,0,0,0,0,1,1,100000000,100000000,1.4206956907324548
1,1,0,0,0,0,1,1,1,100000000,100000000,1.4206956907324548
1,1,1,0,1,0,0,1,0,100000000,100000000,1.4206956907324548
1,1,0,0,1,0,0,1,1,100000000,100000000,1.4206956907324548
1,1,0,0,1,1,0,0,1,100000000,100000000,1.4101101112440864
1,1,1,0,0,1,0,0,1,100000000,100000000,1.4101101112440864
1,1,0,0,0,1,1,0,1,100000000,100000000,1.4101101112440864
1,1,1,0,0,2,0,0,0,100000000,100000000,1.4101101112440864
1,1,0,0,0,1,1,1,0,100000000,100000000,1.4101101112440864
1,1,0,0,0,2,0,0,1,100000000,100000000,1.4101101112440864
1,1,0,0,0,2,0,1,0,100000000,100000000,1.4101101112440864
1,1,0,0,0,2,1,0,0,100000000,100000000,1.4101101112440864
1,1,0,0,0,1,0,1,1,100000000,100000000,1.4101101112440864
1,1,1,0,1,1,0,0,0,100000000,100000000,1.4101101112440864
1,1,1,0,0,1,1,0,0,100000000,100000000,1.4101101112440864
1,1,1,0,0,1,0,1,0,100000000,100000000,1.4101101112440864
1,1,2,0,0,1,0,0,0,100000000,100000000,1.4101101112440864
1,1,0,0,1,2,0,0,0,100000000,100000000,1.4101101112440864
1,1,0,0,1,1,0,1,0,100000000,100000000,1.4101101112440864
1,1,0,0,1,1,1,0,0,100000000,100000000,1.4101101112440864
1,1,0,0,2,1,0,0,0,100000000,100000000,1.3906872476077223
1,1,0,0,1,0,0,0,2,100000000,100000000,1.3893481454324559
1,1,0,0,0,0,1,0,2,100000000,100000000,1.3893481454324559
1,1,1,0,0,0,0,0,2,100000000,100000000,1.3893481454324559
1,1,0,0,0,0,0,1,2,100000000,100000000,1.3893481454324559
1,1,1,0,2,0,0,0,0,100000000,100000000,1.372757785429425
1,1,0,0,2,0,0,0,1,100000000,100000000,1.372757785429425
1,1,0,0,2,0,0,1,0,100000000,100000000,1.372757785429425
1,1,0,0,2,0,1,0,0,100000000,100000000,1.372757785429425
1,1,0,0,3,0,0,0,0,100000000,100000000,1.372757785429425
1,1,0,1,0,0,0,0,2,100000000,100000000,1.3511849075473006
3,0,0,0,2,0,0,0,0,100000000,100000000,1.3476799754677853
2,0,0,0,0,1,0,2,0,100000000,100000000,1.3452390611577394
4,0,0,0,0,1,0,0,0,100000000,100000000,1.341198143171609
2,0,0,0,2,1,0,0,0,100000000,100000000,1.3340194754677845
3,0,0,0,0,1,1,0,0,100000000,100000000,1.323938924421609
3,0,0,0,0,1,0,0,1,100000000,100000000,1.323938924421609
3,0,0,0,1,1,0,0,0,100000000,100000000,1.323938924421609
3,0,1,0,0,1,0,0,0,100000000,100000000,1.323938924421609
3,0,0,0,0,1,0,1,0,100000000,100000000,1.323938924421609
1,1,0,0,0,1,0,0,2,100000000,100000000,1.3224773159440872
3,0,0,0,0,0,0,2,0,100000000,100000000,1.3181394222688505
3,0,0,0,0,2,0,0,0,100000000,100000000,1.295427257754942
0,2,0,0,0,0,2,0,1,100000000,100000000,1.2737082041389762
0,2,0,0,0,0,3,0,0,100000000,100000000,1.2737082041389762
0,2,0,0,0,0,2,1,0,100000000,100000000,1.2737082041389762
0,2,0,0,1,0,2,0,0,100000000,100000000,1.2737082041389762
0,2,1,0,0,0,2,0,0,100000000,100000000,1.2737082041389762
3,0,2,0,0,0,0,0,0,100000000,100000000,1.269561715006024
1,1,0,1,2,0,0,0,0,100000000,100000000,1.265551438152384
2,0,2,0,0,1,0,0,0,100000000,100000000,1.2579560483393573
0,3,0,0,0,0,2,0,0,100000000,100000000,1.2402668588511225
0,1,1,0,0,0,1,0,2,100000000,100000000,1.205443118169918
0,1,0,0,0,0,1,1,2,100000000,100000000,1.205443118169918
0,1,1,0,0,0,0,1,2,100000000,100000000,1.205443118169918
0,1,2,0,0,0,0,0,2,100000000,100000000,1.205443118169918
0,1,0,0,1,0,1,0,2,100000000,100000000,1.205443118169918
0,1,1,0,1,0,0,0,2,100000000,100000000,1.205443118169918
0,1,0,0,1,0,0,1,2,100000000,100000000,1.205443118169918
0,1,0,1,0,1,2,0,0,100000000,100000000,1.1685648249190164
0,1,0,2,0,0,2,0,0,100000000,100000000,1.1605271498130758
0,1,0,1,0,0,3,0,0,100000000,100000000,1.1605271498130758
0,1,1,1,0,0,2,0,0,100000000,100000000,1.1605271498130758
0,1,0,1,1,0,2,0,0,100000000,100000000,1.1605271498130758
0,1,0,1,0,0,2,1,0,100000000,100000000,1.1605271498130758
0,1,0,1,0,0,2,0,1,100000000,100000000,1.1605271498130758
2,0,0,0,0,3,0,0,0,100000000,100000000,1.1405562635559854
0,1,1,0,0,0,1,1,1,100000000,100000000,1.091010048436682
0,1,0,0,1,0,1,1,1,100000000,100000000,1.091010048436682
0,1,2,0,0,0,1,1,0,100000000,100000000,1.091010048436682
0,1,2,0,0,0,1,0,1,100000000,100000000,1.091010048436682
0,1,2,0,0,0,0,1,1,100000000,100000000,1.091010048436682
0,1,1,0,1,0,0,1,1,100000000,100000000,1.091010048436682
0,1,2,0,1,0,0,1,0,100000000,100000000,1.091010048436682
0,1,2,0,1,0,0,0,1,100000000,100000000,1.091010048436682
0,1,3,0,0,0,0,0,1,100000000,100000000,1.091010048436682
0,1,2,0,1,0,1,0,0,100000000,100000000,1.091010048436682
0,1,3,0,0,0,1,0,0,100000000,100000000,1.091010048436682
0,1,3,0,0,0,0,1,0,100000000,100000000,1.091010048436682
0,1,3,0,1,0,0,0,0,100000000,100000000,1.091010048436682
0,1,4,0,0,0,0,0,0,100000000,100000000,1.091010048436682
0,1,1,0,1,0,1,0,1,100000000,100000000,1.091010048436682
0,1,1,0,1,0,1,1,0,100000000,100000000,1.091010048436682
0,1,1,0,0,1,0,0,2,100000000,100000000,1.0898956224592684
0,1,0,0,0,1,0,1,2,100000000,100000000,1.0898956224592684
0,1,0,0,0,2,0,0,2,100000000,100000000,1.0898956224592684
0,1,0,0,1,1,0,0,2,100000000,100000000,1.0898956224592684
0,1,0,0,0,1,1,0,2,100000000,100000000,1.0898956224592684
2,0,0,1,0,0,2,0,0,100000000,100000000,1.0831169929952065
0,2,0,0,0,1,2,0,0,100000000,100000000,1.0433947757201727
1,4,0,0,0,0,0,0,0,100000000,100000000,1.0369218877677469
0,1,1,0,1,1,1,0,0,100000000,100000000,1.031747802726033
0,1,1,0,0,1,1,0,1,100000000,100000000,1.031747802726033
0,1,2,0,0,1,0,0,1,100000000,100000000,1.031747802726033
0,1,0,0,1,2,1,0,0,100000000,100000000,1.031747802726033
0,1,0,0,1,2,0,1,0,100000000,100000000,1.031747802726033
0,1,0,0,1,2,0,0,1,100000000,100000000,1.031747802726033
0,1,1,0,0,2,0,0,1,100000000,100000000,1.031747802726033
0,1,2,0,0,1,1,0,0,100000000,100000000,1.031747802726033
0,1,2,0,0,1,0,1,0,100000000,100000000,1.031747802726033
0,1,1,0,1,2,0,0,0,100000000,100000000,1.031747802726033
0,1,1,0,1,1,0,1,0,100000000,100000000,1.031747802726033
0,1,1,0,0,2,0,1,0,100000000,100000000,1.031747802726033
0,1,1,0,0,1,0,1,1,100000000,100000000,1.031747802726033
0,1,0,0,1,1,0,1,1,100000000,100000000,1.031747802726033
0,1,0,0,0,2,1,1,0,100000000,100000000,1.031747802726033
0,1,3,0,0,1,0,0,0,100000000,100000000,1.031747802726033
0,1,2,0,1,1,0,0,0,100000000,100000000,1.031747802726033
0,1,2,0,0,2,0,0,0,100000000,100000000,1.031747802726033
0,1,0,0,0,2,0,1,1,100000000,100000000,1.031747802726033
0,1,1,0,0,2,1,0,0,100000000,100000000,1.031747802726033
0,1,0,0,0,1,1,1,1,100000000,100000000,1.031747802726033
0,1,0,0,1,1,1,0,1,100000000,100000000,1.031747802726033
0,1,0,0,1,1,1,1,0,100000000,100000000,1.031747802726033
0,1,1,0,1,1,0,0,1,100000000,100000000,1.031747802726033
0,1,0,0,0,2,1,0,1,100000000,100000000,1.031747802726033
0,1,1,0,0,1,1,1,0,100000000,100000000,1.031747802726033
1,2,0,0,0,0,2,0,0,100000000,100000000,0.984015304108222
1,1,0,0,0,3,0,0,0,100000000,100000000,0.9219446677221286
0,2,0,1,0,0,2,0,0,100000000,100000000,0.8939461504691657
0,1,0,0,2,0,0,0,2,100000000,100000000,0.8808854356399608
1,0,0,0,0,0,2,0,2,100000000,100000000,0.8704231145516033
2,0,0,3,0,0,0,0,0,100000000,100000000,0.8561788878553174
2,0,0,1,0,0,0,0,2,100000000,100000000,0.8457945771047946
1,0,1,0,0,0,0,0,3,100000000,100000000,0.8457882511219359
1,0,0,0,0,0,0,1,3,100000000,100000000,0.8457882511219359
1,0,0,0,0,0,0,0,4,100000000,100000000,0.8457882511219359
1,0,0,0,1,0,0,0,3,100000000,100000000,0.8457882511219359
1,0,0,0,0,0,1,0,3,100000000,100000000,0.8457882511219359
2,0,1,2,0,0,0,0,0,100000000,100000000,0.834557307210156
2,0,0,1,0,0,1,0,1,100000000,100000000,0.834557307210156
2,0,0,2,0,0,0,0,1,100000000,100000000,0.834557307210156
2,0,1,1,1,0,0,0,0,100000000,100000000,0.834557307210156
2,0,1,1,0,0,0,1,0,100000000,100000000,0.834557307210156
2,0,0,1,1,0,1,0,0,100000000,100000000,0.834557307210156
2,0,0,2,0,0,1,0,0,100000000,100000000,0.834557307210156
2,0,0,2,1,0,0,0,0,100000000,100000000,0.834557307210156
2,0,1,1,0,0,0,0,1,100000000,100000000,0.834557307210156
2,0,0,2,0,0,0,1,0,100000000,100000000,0.834557307210156
2,0,0,1,1,0,0,1,0,100000000,100000000,0.834557307210156
2,0,0,1,1,0,0,0,1,100000000,100000000,0.834557307210156
2,0,1,1,0,0,1,0,0,100000000,100000000,0.834557307210156
2,0,0,1,0,0,0,1,1,100000000,100000000,0.834557307210156
2,0,0,1,0,0,1,1,0,100000000,100000000,0.834557307210156
1,0,1,0,0,0,2,0,1,100000000,100000000,0.8094457244970314
1,0,1,0,1,0,2,0,0,100000000,100000000,0.8094457244970314
1,0,1,0,0,0,3,0,0,100000000,100000000,0.8094457244970314
1,0,0,0,1,0,3,0,0,100000000,100000000,0.8094457244970314
1,0,0,0,1,0,2,1,0,100000000,100000000,0.8094457244970314
1,0,0,0,0,0,3,1,0,100000000,100000000,0.8094457244970314
1,0,0,0,0,0,2,1,1,100000000,100000000,0.8094457244970314
1,0,0,0,1,0,2,0,1,100000000,100000000,0.8094457244970314
1,0,1,0,0,0,2,1,0,100000000,100000000,0.8094457244970314
1,0,0,0,0,0,3,0,1,100000000,100000000,0.8094457244970314
1,0,0,0,0,0,4,0,0,100000000,100000000,0.8094457244970314
0,1,1,0,0,3,0,0,0,100000000,100000000,0.7968317808728855
0,1,0,0,0,3,0,0,1,100000000,100000000,0.7968317808728855
0,1,0,0,0,3,1,0,0,100000000,100000000,0.7968317808728855
0,1,0,0,0,3,0,1,0,100000000,100000000,0.7968317808728855
0,1,0,0,1,3,0,0,0,100000000,100000000,0.7968317808728855
0,1,0,0,0,4,0,0,0,100000000,100000000,0.7968317808728855
0,1,1,0,3,0,0,0,0,100000000,100000000,0.7758686159067255
0,1,0,0,2,0,1,0,1,100000000,100000000,0.7758686159067255
0,1,2,0,2,0,0,0,0,100000000,100000000,0.7758686159067255
0,1,0,0,2,0,1,1,0,100000000,100000000,0.7758686159067255
0,1,1,0,2,0,1,0,0,100000000,100000000,0.7758686159067255
0,1,1,0,2,0,0,1,0,100000000,100000000,0.7758686159067255
0,1,1,0,2,0,0,0,1,100000000,100000000,0.7758686159067255
0,1,0,0,3,0,0,0,1,100000000,100000000,0.7758686159067255
0,1,0,0,4,0,0,0,0,100000000,100000000,0.7758686159067255
0,1,0,0,3,0,1,0,0,100000000,100000000,0.7758686159067255
0,1,0,0,3,0,0,1,0,100000000,100000000,0.7758686159067255
0,1,0,0,2,0,0,1,1,100000000,100000000,0.7758686159067255
1,0,0,0,0,1,2,0,1,100000000,100000000,0.7725643911636985
1,0,0,0,0,1,2,1,0,100000000,100000000,0.7725643911636985
1,0,0,0,0,1,3,0,0,100000000,100000000,0.7725643911636985
1,0,0,0,0,2,2,0,0,100000000,100000000,0.7725643911636985
1,0,1,0,0,1,2,0,0,100000000,100000000,0.7725643911636985
1,0,0,0,1,1,2,0,0,100000000,100000000,0.7725643911636985
0,1,0,0,0,0,2,2,0,100000000,100000000,0.7508136492193266
0,1,0,3,0,1,0,0,0,100000000,100000000,0.7368794181163832
1,0,0,0,0,0,0,2,2,100000000,100000000,0.7290598042729514
1,0,0,0,0,1,0,0,3,100000000,100000000,0.7235445503643598
0,4,0,0,0,0,0,1,0,100000000,100000000,0.7201172904090118
0,4,0,0,0,0,0,0,1,100000000,100000000,0.7201172904090118
0,4,0,0,1,0,0,0,0,100000000,100000000,0.7201172904090118
0,4,0,0,0,0,1,0,0,100000000,100000000,0.7201172904090118
0,4,1,0,0,0,0,0,0,100000000,100000000,0.7201172904090118
0,0,0,0,0,0,2,0,3,100000000,100000000,0.6990696634444582
1,1,0,0,0,1,0,2,0,100000000,100000000,0.69814036690433
2,0,1,1,0,1,0,0,0,100000000,100000000,0.6965388257286743
2,0,0,1,0,1,0,0,1,100000000,100000000,0.6965388257286743
2,0,0,1,0,1,0,1,0,100000000,100000000,0.6965388257286743
2,0,0,2,0,1,0,0,0,100000000,100000000,0.6965388257286743
2,0,0,1,1,1,0,0,0,100000000,100000000,0.6965388257286743
2,0,0,1,0,1,1,0,0,100000000,100000000,0.6965388257286743
0,2,0,0,1,0,0,0,2,100000000,100000000,0.6915822313008826
0,2,0,0,0,0,0,1,2,100000000,100000000,0.6915822313008826
0,2,0,0,0,0,1,0,2,100000000,100000000,0.6915822313008826
0,2,1,0,0,0,0,0,2,100000000,100000000,0.6915822313008826
0,1,0,1,0,1,0,0,2,100000000,100000000,0.6910593561035868
4,0,0,1,0,0,0,0,0,100000000,100000000,0.6901706926268222
1,1,0,1,0,0,0,2,0,100000000,100000000,0.6738255402790876
3,0,0,1,1,0,0,0,0,100000000,100000000,0.672911473876822
3,0,0,1,0,0,1,0,0,100000000,100000000,0.672911473876822
3,0,0,1,0,0,0,1,0,100000000,100000000,0.672911473876822
3,0,0,1,0,0,0,0,1,100000000,100000000,0.672911473876822
3,0,0,2,0,0,0,0,0,100000000,100000000,0.672911473876822
3,0,1,1,0,0,0,0,0,100000000,100000000,0.672911473876822
0,1,1,1,0,0,0,0,2,100000000,100000000,0.6713890497309037
0,1,0,1,0,0,1,0,2,100000000,100000000,0.6713890497309037
0,1,0,1,0,0,0,1,2,100000000,100000000,0.6713890497309037
0,1,0,2,0,0,0,0,2,100000000,100000000,0.6713890497309037
0,1,0,1,1,0,0,0,2,100000000,100000000,0.6713890497309037
2,0,0,1,0,2,0,0,0,100000000,100000000,0.6680271590620073
1,1,0,0,1,0,0,2,0,100000000,100000000,0.661047625573786
1,1,0,0,0,0,0,3,0,100000000,100000000,0.661047625573786
1,1,1,0,0,0,0,2,0,100000000,100000000,0.661047625573786
1,1,0,0,0,0,0,2,1,100000000,100000000,0.661047625573786
1,1,0,0,0,0,1,2,0,100000000,100000000,0.661047625573786
0,1,0,3,0,0,1,0,0,100000000,100000000,0.6609238617437002
0,1,0,3,1,0,0,0,0,100000000,100000000,0.6609238617437002
0,1,0,4,0,0,0,0,0,100000000,100000000,0.6609238617437002
0,1,1,3,0,0,0,0,0,100000000,100000000,0.6609238617437002
0,1,0,3,0,0,0,0,1,100000000,100000000,0.6609238617437002
0,1,0,3,0,0,0,1,0,100000000,100000000,0.6609238617437002
0,1,0,0,2,1,0,1,0,100000000,100000000,0.6603211201960757
0,1,0,0,2,1,0,0,1,100000000,100000000,0.6603211201960757
0,1,0,0,3,1,0,0,0,100000000,100000000,0.6603211201960757
0,1,0,0,2,2,0,0,0,100000000,100000000,0.6603211201960757
0,1,1,0,2,1,0,0,0,100000000,100000000,0.6603211201960757
0,1,0,0,2,1,1,0,0,100000000,100000000,0.6603211201960757
1,0,2,0,0,0,2,0,0,100000000,100000000,0.6599079241723561
0,1,0,2,0,1,0,0,1,100000000,100000000,0.6329115363703518
0,1,0,1,1,1,0,1,0,100000000,100000000,0.6329115363703518
0,1,0,1,1,1,1,0,0,100000000,100000000,0.6329115363703518
0,1,0,1,1,2,0,0,0,100000000,100000000,0.6329115363703518
0,1,0,1,0,2,0,1,0,100000000,100000000,0.6329115363703518
0,1,0,1,0,2,1,0,0,100000000,100000000,0.6329115363703518
0,1,1,1,1,1,0,0,0,100000000,100000000,0.6329115363703518
0,1,1,1,0,2,0,0,0,100000000,100000000,0.6329115363703518
0,1,1,1,0,1,1,0,0,100000000,100000000,0.6329115363703518
0,1,1,1,0,1,0,1,0,100000000,100000000,0.6329115363703518
0,1,1,1,0,1,0,0,1,100000000,100000000,0.6329115363703518
0,1,1,2,0,1,0,0,0,100000000,100000000,0.6329115363703518
0,1,2,1,0,1,0,0,0,100000000,100000000,0.6329115363703518
0,1,0,1,0,2,0,0,1,100000000,100000000,0.6329115363703518
0,1,0,1,0,1,0,1,1,100000000,100000000,0.6329115363703518
0,1,0,2,0,2,0,0,0,100000000,100000000,0.6329115363703518
0,1,0,2,0,1,1,0,0,100000000,100000000,0.6329115363703518
0,1,0,2,0,1,0,1,0,100000000,100000000,0.6329115363703518
0,1,0,1,1,1,0,0,1,100000000,100000000,0.6329115363703518
0,1,0,2,1,1,0,0,0,100000000,100000000,0.6329115363703518
0,1,0,1,0,1,1,1,0,100000000,100000000,0.6329115363703518
0,1,0,1,0,1,1,0,1,100000000,100000000,0.6329115363703518
0,5,0,0,0,0,0,0,0,100000000,100000000,0.627935359273481
1,3,1,0,0,0,0,0,0,100000000,100000000,0.6260889812443973
1,3,0,0,1,0,0,0,0,100000000,100000000,0.6260889812443973
1,3,0,0,0,0,0,1,0,100000000,100000000,0.6260889812443973
1,3,0,0,0,0,0,0,1,100000000,100000000,0.6260889812443973
1,3,0,0,0,0,1,0,0,100000000,100000000,0.6260889812443973
1,0,0,0,2,0,2,0,0,100000000,100000000,0.6133714660193982
2,0,0,1,2,0,0,0,0,100000000,100000000,0.6113275459667689
2,0,2,1,0,0,0,0,0,100000000,100000000,0.6069285977945708
1,2,0,0,2,0,0,0,0,100000000,100000000,0.5995756874409697
0,2,2,0,0,0,1,0,0,100000000,100000000,0.5875737080165687
0,2,2,0,1,0,0,0,0,100000000,100000000,0.5875737080165687
0,2,1,0,1,0,0,1,0,100000000,100000000,0.5875737080165687
0,2,1,0,1,0,0,0,1,100000000,100000000,0.5875737080165687
0,2,3,0,0,0,0,0,0,100000000,100000000,0.5875737080165687
0,2,0,0,0,0,1,1,1,100000000,100000000,0.5875737080165687
0,2,1,0,0,0,1,1,0,100000000,100000000,0.5875737080165687
0,2,1,0,0,0,0,1,1,100000000,100000000,0.5875737080165687
0,2,2,0,0,0,0,0,1,100000000,100000000,0.5875737080165687
0,2,0,0,1,0,0,1,1,100000000,100000000,0.5875737080165687
0,2,0,0,1,0,1,0,1,100000000,100000000,0.5875737080165687
0,2,0,0,1,0,1,1,0,100000000,100000000,0.5875737080165687
0,2,1,0,1,0,1,0,0,100000000,100000000,0.5875737080165687
0,2,1,0,0,0,1,0,1,100000000,100000000,0.5875737080165687
0,2,2,0,0,0,0,1,0,100000000,100000000,0.5875737080165687
1,0,0,0,0,0,1,1,2,100000000,100000000,0.5864624344552689
1,0,1,0,0,0,1,0,2,100000000,100000000,0.5864624344552689
1,0,0,0,1,0,0,1,2,100000000,100000000,0.5864624344552689
1,0,0,0,1,0,1,0,2,100000000,100000000,0.5864624344552689
1,0,1,0,1,0,0,0,2,100000000,100000000,0.5864624344552689
1,0,1,0,0,0,0,1,2,100000000,100000000,0.5864624344552689
0,4,0,0,0,1,0,0,0,100000000,100000000,0.5859071066483282
0,3,0,0,0,0,0,0,2,100000000,100000000,0.583258732333375
1,2,1,1,0,0,0,0,0,100000000,100000000,0.5810797065232637
1,2,0,2,0,0,0,0,0,100000000,100000000,0.5810797065232637
1,2,0,1,0,0,0,0,1,100000000,100000000,0.5810797065232637
1,2,0,1,0,0,0,1,0,100000000,100000000,0.5810797065232637
1,2,0,1,0,0,1,0,0,100000000,100000000,0.5810797065232637
1,2,0,1,1,0,0,0,0,100000000,100000000,0.5810797065232637
0,1,0,2,0,0,0,1,1,100000000,100000000,0.5569559799976678
0,1,0,2,0,0,1,0,1,100000000,100000000,0.5569559799976678
0,1,0,2,0,0,1,1,0,100000000,100000000,0.5569559799976678
0,1,0,1,1,0,0,1,1,100000000,100000000,0.5569559799976678
0,1,0,1,1,0,1,0,1,100000000,100000000,0.5569559799976678
0,1,0,1,1,0,1,1,0,100000000,100000000,0.5569559799976678
0,1,0,2,1,0,0,0,1,100000000,100000000,0.5569559799976678
0,1,0,2,1,0,0,1,0,100000000,100000000,0.5569559799976678
0,1,2,1,0,0,1,0,0,100000000,100000000,0.5569559799976678
0,1,2,1,1,0,0,0,0,100000000,100000000,0.5569559799976678
0,1,2,2,0,0,0,0,0,100000000,100000000,0.5569559799976678
0,1,2,1,0,0,0,0,1,100000000,100000000,0.5569559799976678
0,1,2,1,0,0,0,1,0,100000000,100000000,0.5569559799976678
0,1,3,1,0,0,0,0,0,100000000,100000000,0.5569559799976678
0,1,1,1,1,0,0,1,0,100000000,100000000,0.5569559799976678
0,1,1,1,1,0,1,0,0,100000000,100000000,0.5569559799976678
0,1,1,2,0,0,0,0,1,100000000,100000000,0.5569559799976678
0,1,1,2,0,0,0,1,0,100000000,100000000,0.5569559799976678
0,1,1,2,0,0,1,0,0,100000000,100000000,0.5569559799976678
0,1,1,2,1,0,0,0,0,100000000,100000000,0.5569559799976678
0,1,1,1,0,0,0,1,1,100000000,100000000,0.5569559799976678
0,1,1,1,0,0,1,0,1,100000000,100000000,0.5569559799976678
0,1,1,1,0,0,1,1,0,100000000,100000000,0.5569559799976678
0,1,0,1,0,0,1,1,1,100000000,100000000,0.5569559799976678
0,1,1,1,1,0,0,0,1,100000000,100000000,0.5569559799976678
0,1,0,2,1,0,1,0,0,100000000,100000000,0.5569559799976678
1,3,0,1,0,0,0,0,0,100000000,100000000,0.553757935932752
1,3,0,0,0,1,0,0,0,100000000,100000000,0.5503136156466664
3,0,0,1,0,1,0,0,0,100000000,100000000,0.5348929923953405
1,2,0,0,1,0,0,1,0,100000000,100000000,0.5345434791076363
1,2,1,0,0,0,0,1,0,100000000,100000000,0.5345434791076363
1,2,0,0,1,0,0,0,1,100000000,100000000,0.5345434791076363
1,2,1,0,0,0,1,0,0,100000000,100000000,0.5345434791076363
1,2,0,0,1,0,1,0,0,100000000,100000000,0.5345434791076363
1,2,1,0,0,0,0,0,1,100000000,100000000,0.5345434791076363
1,2,0,0,0,0,1,1,0,100000000,100000000,0.5345434791076363
1,2,1,0,1,0,0,0,0,100000000,100000000,0.5345434791076363
1,2,0,0,0,0,1,0,1,100000000,100000000,0.5345434791076363
1,2,0,0,0,0,0,1,1,100000000,100000000,0.5345434791076363
1,2,2,0,0,0,0,0,0,100000000,100000000,0.5345434791076363
1,0,1,0,1,0,0,1,1,100000000,100000000,0.5267684656969936
1,0,0,0,1,0,1,1,1,100000000,100000000,0.5267684656969936
1,0,1,0,1,0,1,0,1,100000000,100000000,0.5267684656969936
1,0,1,0,0,0,1,1,1,100000000,100000000,0.5267684656969936
1,0,1,0,1,0,1,1,0,100000000,100000000,0.5267684656969936
0,1,0,0,0,0,0,2,2,100000000,100000000,0.5098555020933047
0,3,0,0,0,0,1,1,0,100000000,100000000,0.49612520904906127
0,3,0,0,0,0,1,0,1,100000000,100000000,0.49612520904906127
0,3,0,0,0,0,0,1,1,100000000,100000000,0.49612520904906127
0,3,0,0,1,0,1,0,0,100000000,100000000,0.49612520904906127
0,3,0,0,1,0,0,0,1,100000000,100000000,0.49612520904906127
0,3,1,0,0,0,1,0,0,100000000,100000000,0.49612520904906127
0,3,1,0,0,0,0,1,0,100000000,100000000,0.49612520904906127
0,3,1,0,0,0,0,0,1,100000000,100000000,0.49612520904906127
0,3,2,0,0,0,0,0,0,100000000,100000000,0.49612520904906127
0,3,1,0,1,0,0,0,0,100000000,100000000,0.49612520904906127
0,3,0,0,1,0,0,1,0,100000000,100000000,0.49612520904906127
0,0,0,0,0,0,0,2,3,100000000,100000000,0.4879756369489183
2,0,0,1,0,0,0,2,0,100000000,100000000,0.487410857924781
0,2,0,0,0,1,0,0,2,100000000,100000000,0.4822775174821554
1,2,0,0,0,0,0,0,2,100000000,100000000,0.4663289743747088
1,0,0,0,0,1,1,0,2,100000000,100000000,0.46421873369769306
1,0,0,0,1,1,0,0,2,100000000,100000000,0.46421873369769306
1,0,0,0,0,1,0,1,2,100000000,100000000,0.46421873369769306
1,0,1,0,0,1,0,0,2,100000000,100000000,0.46421873369769306
1,0,0,0,0,2,0,0,2,100000000,100000000,0.46421873369769306
1,0,1,0,0,0,0,2,1,100000000,100000000,0.44941724132201327
1,0,0,0,1,0,0,2,1,100000000,100000000,0.44941724132201327
1,0,1,0,0,0,0,3,0,100000000,100000000,0.44941724132201327
1,0,0,0,0,0,0,4,0,100000000,100000000,0.44941724132201327
1,0,0,0,0,0,0,3,1,100000000,100000000,0.44941724132201327
1,0,0,0,0,0,1,3,0,100000000,100000000,0.44941724132201327
1,0,0,0,0,0,1,2,1,100000000,100000000,0.44941724132201327
1,0,1,0,1,0,0,2,0,100000000,100000000,0.44941724132201327
1,0,1,0,0,0,1,2,0,100000000,100000000,0.44941724132201327
1,0,0,0,1,0,1,2,0,100000000,100000000,0.44941724132201327
1,0,0,0,1,0,0,3,0,100000000,100000000,0.44941724132201327
1,2,0,1,0,1,0,0,0,100000000,100000000,0.4407615684159545
0,0,0,0,0,0,2,1,2,100000000,100000000,0.43974384677779166
0,0,1,0,0,0,2,0,2,100000000,100000000,0.43974384677779166
0,0,0,0,1,0,2,0,2,100000000,100000000,0.43974384677779166
0,0,0,0,0,0,3,0,2,100000000,100000000,0.43974384677779166
1,2,0,0,0,2,0,0,0,100000000,100000000,0.431425216000327
1,2,0,0,0,1,1,0,0,100000000,100000000,0.431425216000327
1,2,0,0,0,1,0,1,0,100000000,100000000,0.431425216000327
1,2,1,0,0,1,0,0,0,100000000,100000000,0.431425216000327
1,2,0,0,0,1,0,0,1,100000000,100000000,0.431425216000327
1,2,0,0,1,1,0,0,0,100000000,100000000,0.431425216000327
0,0,0,0,0,0,0,1,4,100000000,100000000,0.42321349530436936
0,0,0,0,0,0,0,0,5,100000000,100000000,0.42321349530436936
0,0,0,0,0,0,1,0,4,100000000,100000000,0.42321349530436936
0,0,0,0,0,0,1,1,3,100000000,100000000,0.42321349530436936
0,0,0,0,1,0,0,1,3,100000000,100000000,0.42321349530436936
0,0,1,0,1,0,0,0,3,100000000,100000000,0.42321349530436936
0,0,0,0,1,0,1,0,3,100000000,100000000,0.42321349530436936
0,0,0,0,1,0,0,0,4,100000000,100000000,0.42321349530436936
0,0,1,0,0,0,0,0,4,100000000,100000000,0.42321349530436936
0,0,1,0,0,0,0,1,3,100000000,100000000,0.42321349530436936
0,0,1,0,0,0,1,0,3,100000000,100000000,0.42321349530436936
1,0,0,0,0,2,0,1,1,100000000,100000000,0.4065795982727513
1,0,0,0,0,1,1,1,1,100000000,100000000,0.4065795982727513
1,0,1,0,0,2,0,0,1,100000000,100000000,0.4065795982727513
1,0,1,0,0,2,0,1,0,100000000,100000000,0.4065795982727513
1,0,0,0,0,2,1,1,0,100000000,100000000,0.4065795982727513
1,0,0,0,0,2,1,0,1,100000000,100000000,0.4065795982727513
1,0,0,0,1,1,1,1,0,100000000,100000000,0.4065795982727513
1,0,0,0,1,1,1,0,1,100000000,100000000,0.4065795982727513
1,0,1,0,1,2,0,0,0,100000000,100000000,0.4065795982727513
1,0,1,0,0,2,1,0,0,100000000,100000000,0.4065795982727513
1,0,1,0,1,1,0,1,0,100000000,100000000,0.4065795982727513
1,0,1,0,1,1,1,0,0,100000000,100000000,0.4065795982727513
1,0,1,0,1,1,0,0,1,100000000,100000000,0.4065795982727513
1,0,1,0,0,1,0,1,1,100000000,100000000,0.4065795982727513
1,0,0,0,1,2,0,1,0,100000000,100000000,0.4065795982727513
1,0,0,0,1,2,0,0,1,100000000,100000000,0.4065795982727513
1,0,0,0,1,2,1,0,0,100000000,100000000,0.4065795982727513
1,0,1,0,0,1,1,1,0,100000000,100000000,0.4065795982727513
1,0,1,0,0,1,1,0,1,100000000,100000000,0.4065795982727513
1,0,0,0,1,1,0,1,1,100000000,100000000,0.4065795982727513
0,0,1,0,0,0,4,0,0,100000000,100000000,0.403407712982393
0,0,1,0,1,0,2,0,1,100000000,100000000,0.403407712982393
0,0,0,0,0,0,3,1,1,100000000,100000000,0.403407712982393
0,0,1,0,0,0,3,0,1,100000000,100000000,0.403407712982393
0,0,1,0,0,0,3,1,0,100000000,100000000,0.403407712982393
0,0,1,0,0,0,2,1,1,100000000,100000000,0.403407712982393
0,0,0,0,1,0,3,0,1,100000000,100000000,0.403407712982393
0,0,0,0,0,0,5,0,0,100000000,100000000,0.403407712982393
0,0,0,0,0,0,4,0,1,100000000,100000000,0.403407712982393
0,0,0,0,0,0,4,1,0,100000000,100000000,0.403407712982393
0,0,0,0,1,0,3,1,0,100000000,100000000,0.403407712982393
0,0,1,0,1,0,3,0,0,100000000,100000000,0.403407712982393
0,0,0,0,1,0,4,0,0,100000000,100000000,0.403407712982393
0,0,1,0,1,0,2,1,0,100000000,100000000,0.403407712982393
0,0,0,0,1,0,2,1,1,100000000,100000000,0.403407712982393
1,0,0,0,0,1,1,2,0,100000000,100000000,0.3990210405644378
1,0,0,0,0,1,0,3,0,100000000,100000000,0.3990210405644378
1,0,0,0,0,2,0,2,0,100000000,100000000,0.3990210405644378
1,0,1,0,0,1,0,2,0,100000000,100000000,0.3990210405644378
1,0,0,0,1,1,0,2,0,100000000,100000000,0.3990210405644378
1,0,0,0,0,1,0,2,1,100000000,100000000,0.3990210405644378
0,1,0,1,0,3,0,0,0,100000000,100000000,0.3979955145172039
1,0,0,0,0,0,2,2,0,100000000,100000000,0.3855999806241885
1,0,0,0,2,0,0,0,2,100000000,100000000,0.3822162062806659
0,2,1,0,0,1,1,0,0,100000000,100000000,0.37826899419784177
0,2,1,0,0,2,0,0,0,100000000,100000000,0.37826899419784177
0,2,2,0,0,1,0,0,0,100000000,100000000,0.37826899419784177
0,2,0,0,1,1,1,0,0,100000000,100000000,0.37826899419784177
0,2,0,0,1,1,0,0,1,100000000,100000000,0.37826899419784177
0,2,0,0,1,1,0,1,0,100000000,100000000,0.37826899419784177
0,2,1,0,0,1,0,1,0,100000000,100000000,0.37826899419784177
0,2,1,0,0,1,0,0,1,100000000,100000000,0.37826899419784177
0,2,1,0,1,1,0,0,0,100000000,100000000,0.37826899419784177
0,2,0,0,0,2,1,0,0,100000000,100000000,0.37826899419784177
0,2,0,0,0,2,0,0,1,100000000,100000000,0.37826899419784177
0,2,0,0,0,2,0,1,0,100000000,100000000,0.37826899419784177
0,2,0,0,0,1,0,1,1,100000000,100000000,0.37826899419784177
0,2,0,0,1,2,0,0,0,100000000,100000000,0.37826899419784177
0,2,0,0,0,1,1,0,1,100000000,100000000,0.37826899419784177
0,2,0,0,0,1,1,1,0,100000000,100000000,0.37826899419784177
1,0,2,0,0,0,0,0,2,100000000,100000000,0.35883372503968447
1,0,0,0,3,0,0,1,0,100000000,100000000,0.33069420721936005
1,0,0,0,2,0,1,0,1,100000000,100000000,0.33069420721936005
1,0,0,0,3,0,1,0,0,100000000,100000000,0.33069420721936005
1,0,1,0,2,0,0,0,1,100000000,100000000,0.33069420721936005
1,0,0,0,2,0,0,1,1,100000000,100000000,0.33069420721936005
1,0,1,0,2,0,0,1,0,100000000,100000000,0.33069420721936005
1,0,0,0,4,0,0,0,0,100000000,100000000,0.33069420721936005
1,0,1,0,3,0,0,0,0,100000000,100000000,0.33069420721936005
1,0,1,0,2,0,1,0,0,100000000,100000000,0.33069420721936005
1,0,0,0,3,0,0,0,1,100000000,100000000,0.33069420721936005
1,0,0,0,2,0,1,1,0,100000000,100000000,0.33069420721936005
0,2,0,3,0,0,0,0,0,100000000,100000000,0.3306845685992267
0,2,0,1,0,0,0,0,2,100000000,100000000,0.32074632124862
0,0,0,0,0,1,2,0,2,100000000,100000000,0.30527743011112507
1,0,3,0,0,0,1,0,0,100000000,100000000,0.2991397562814095
1,0,3,0,0,0,0,1,0,100000000,100000000,0.2991397562814095
1,0,3,0,0,0,0,0,1,100000000,100000000,0.2991397562814095
1,0,2,0,1,0,0,1,0,100000000,100000000,0.2991397562814095
1,0,2,0,1,0,0,0,1,100000000,100000000,0.2991397562814095
1,0,2,0,0,0,1,1,0,100000000,100000000,0.2991397562814095
1,0,4,0,0,0,0,0,0,100000000,100000000,0.2991397562814095
1,0,3,0,1,0,0,0,0,100000000,100000000,0.2991397562814095
1,0,2,0,1,0,1,0,0,100000000,100000000,0.2991397562814095
1,0,2,0,0,0,0,1,1,100000000,100000000,0.2991397562814095
1,0,2,0,0,0,1,0,1,100000000,100000000,0.2991397562814095
0,3,0,0,0,1,0,0,1,100000000,100000000,0.28682049523033415
0,3,0,0,0,1,1,0,0,100000000,100000000,0.28682049523033415
0,3,0,0,0,1,0,1,0,100000000,100000000,0.28682049523033415
0,3,1,0,0,1,0,0,0,100000000,100000000,0.28682049523033415
0,3,0,0,1,1,0,0,0,100000000,100000000,0.28682049523033415
0,3,0,0,0,2,0,0,0,100000000,100000000,0.28682049523033415
0,0,0,0,1,1,2,1,0,100000000,100000000,0.27099612964905995
0,0,0,0,0,2,3,0,0,100000000,100000000,0.27099612964905995
0,0,0,0,1,1,3,0,0,100000000,100000000,0.27099612964905995
0,0,0,0,1,2,2,0,0,100000000,100000000,0.27099612964905995
0,0,1,0,0,1,2,1,0,100000000,100000000,0.27099612964905995
0,0,1,0,1,1,2,0,0,100000000,100000000,0.27099612964905995
0,0,0,0,1,1,2,0,1,100000000,100000000,0.27099612964905995
0,0,0,0,0,2,2,1,0,100000000,100000000,0.27099612964905995
0,0,1,0,0,2,2,0,0,100000000,100000000,0.27099612964905995
0,0,1,0,0,1,2,0,1,100000000,100000000,0.27099612964905995
0,0,1,0,0,1,3,0,0,100000000,100000000,0.27099612964905995
0,0,0,0,0,1,3,0,1,100000000,100000000,0.27099612964905995
0,0,0,0,0,2,2,0,1,100000000,100000000,0.27099612964905995
0,0,0,0,0,1,3,1,0,100000000,100000000,0.27099612964905995
0,0,0,0,0,1,4,0,0,100000000,100000000,0.27099612964905995
0,0,0,0,0,1,2,1,1,100000000,100000000,0.27099612964905995
0,4,0,1,0,0,0,0,0,100000000,100000000,0.2654919994090332
0,2,1,0,2,0,0,0,0,100000000,100000000,0.26301602548661196
0,2,0,0,2,0,0,0,1,100000000,100000000,0.26301602548661196
0,2,0,0,3,0,0,0,0,100000000,100000000,0.26301602548661196
0,2,0,0,2,0,0,1,0,100000000,100000000,0.26301602548661196
0,2,0,0,2,0,1,0,0,100000000,100000000,0.26301602548661196
0,0,2,0,0,0,2,1,0,100000000,100000000,0.25386991265771763
0,0,2,0,0,0,2,0,1,100000000,100000000,0.25386991265771763
0,0,3,0,0,0,2,0,0,100000000,100000000,0.25386991265771763
0,0,2,0,0,0,3,0,0,100000000,100000000,0.25386991265771763
0,0,2,0,1,0,2,0,0,100000000,100000000,0.25386991265771763
1,0,0,0,2,0,0,2,0,100000000,100000000,0.25334298284438
1,2,0,0,0,0,0,2,0,100000000,100000000,0.2488617365478249
0,1,0,1,2,1,0,0,0,100000000,100000000,0.2376555019885425
0,0,0,0,1,1,0,0,3,100000000,100000000,0.22909030940693367
0,0,0,0,0,1,0,0,4,100000000,100000000,0.22909030940693367
0,0,0,0,0,2,0,0,3,100000000,100000000,0.22909030940693367
0,0,0,0,0,1,1,0,3,100000000,100000000,0.22909030940693367
0,0,0,0,0,1,0,1,3,100000000,100000000,0.22909030940693367
0,0,1,0,0,1,0,0,3,100000000,100000000,0.22909030940693367
0,0,0,0,0,0,0,3,2,100000000,100000000,0.22864982028225186
0,0,0,0,0,0,1,2,2,100000000,100000000,0.22864982028225186
0,0,1,0,0,0,0,2,2,100000000,100000000,0.22864982028225186
0,0,0,0,1,0,0,2,2,100000000,100000000,0.22864982028225186
1,0,0,0,0,3,1,0,0,100000000,100000000,0.22015304249329884
1,0,0,0,0,3,0,1,0,100000000,100000000,0.22015304249329884
1,0,0,0,1,3,0,0,0,100000000,100000000,0.22015304249329884
1,0,1,0,0,3,0,0,0,100000000,100000000,0.22015304249329884
1,0,0,0,0,4,0,0,0,100000000,100000000,0.22015304249329884
1,0,0,0,0,3,0,0,1,100000000,100000000,0.22015304249329884
0,1,0,2,2,0,0,0,0,100000000,100000000,0.21798519561585963
0,1,0,1,2,0,0,0,1,100000000,100000000,0.21798519561585963
0,1,0,1,3,0,0,0,0,100000000,100000000,0.21798519561585963
0,1,0,1,2,0,1,0,0,100000000,100000000,0.21798519561585963
0,1,0,1,2,0,0,1,0,100000000,100000000,0.21798519561585963
0,1,1,1,2,0,0,0,0,100000000,100000000,0.21798519561585963
0,2,2,1,0,0,0,0,0,100000000,100000000,0.2167377979643061
0,2,1,1,0,0,0,0,1,100000000,100000000,0.2167377979643061
0,2,0,2,0,0,1,0,0,100000000,100000000,0.2167377979643061
0,2,0,1,0,0,1,0,1,100000000,100000000,0.2167377979643061
0,2,0,1,0,0,0,1,1,100000000,100000000,0.2167377979643061
0,2,0,1,1,0,0,1,0,100000000,100000000,0.2167377979643061
0,2,0,1,1,0,0,0,1,100000000,100000000,0.2167377979643061
0,2,0,2,1,0,0,0,0,100000000,100000000,0.2167377979643061
0,2,1,2,0,0,0,0,0,100000000,100000000,0.2167377979643061
0,2,1,1,1,0,0,0,0,100000000,100000000,0.2167377979643061
0,2,1,1,0,0,1,0,0,100000000,100000000,0.2167377979643061
0,2,1,1,0,0,0,1,0,100000000,100000000,0.2167377979643061
0,2,0,2,0,0,0,0,1,100000000,100000000,0.2167377979643061
0,2,0,2,0,0,0,1,0,100000000,100000000,0.2167377979643061
0,2,0,1,0,0,1,1,0,100000000,100000000,0.2167377979643061
0,2,0,1,1,0,1,0,0,100000000,100000000,0.2167377979643061
0,2,0,0,0,3,0,0,0,100000000,100000000,0.215862701689424
1,0,1,0,2,1,0,0,0,100000000,100000000,0.20845050646178467
1,0,0,0,2,2,0,0,0,100000000,100000000,0.20845050646178467
1,0,0,0,3,1,0,0,0,100000000,100000000,0.20845050646178467
1,0,0,0,2,1,0,0,1,100000000,100000000,0.20845050646178467
1,0,0,0,2,1,0,1,0,100000000,100000000,0.20845050646178467
1,0,0,0,2,1,1,0,0,100000000,100000000,0.20845050646178467
0,0,0,0,0,3,2,0,0,100000000,100000000,0.19673990782929315
0,0,2,0,0,0,0,0,3,100000000,100000000,0.19558478588878495
1,0,0,1,1,0,2,0,0,100000000,100000000,0.17953166194863124
1,0,0,2,0,0,2,0,0,100000000,100000000,0.17953166194863124
1,0,0,1,0,0,3,0,0,100000000,100000000,0.17953166194863124
1,0,1,1,0,0,2,0,0,100000000,100000000,0.17953166194863124
1,0,0,1,0,0,2,1,0,100000000,100000000,0.17953166194863124
1,0,0,1,0,0,2,0,1,100000000,100000000,0.17953166194863124
1,0,3,0,0,1,0,0,0,100000000,100000000,0.178950888857167
1,0,2,0,0,1,0,1,0,100000000,100000000,0.178950888857167
1,0,2,0,1,1,0,0,0,100000000,100000000,0.178950888857167
1,0,2,0,0,2,0,0,0,100000000,100000000,0.178950888857167
1,0,2,0,0,1,0,0,1,100000000,100000000,0.178950888857167
1,0,2,0,0,1,1,0,0,100000000,100000000,0.178950888857167
0,0,0,0,1,0,1,1,2,100000000,100000000,0.16388767863770276
0,0,1,0,1,0,1,0,2,100000000,100000000,0.16388767863770276
0,0,1,0,1,0,0,1,2,100000000,100000000,0.16388767863770276
0,0,1,0,0,0,1,1,2,100000000,100000000,0.16388767863770276
0,0,0,0,0,1,0,2,2,100000000,100000000,0.15326923694891842
0,1,0,0,0,0,0,3,1,100000000,100000000,0.1405007621920021
0,1,0,0,0,0,0,4,0,100000000,100000000,0.1405007621920021
0,1,1,0,0,0,0,3,0,100000000,100000000,0.1405007621920021
0,1,2,0,0,0,0,2,0,100000000,100000000,0.1405007621920021
0,1,1,0,0,0,0,2,1,100000000,100000000,0.1405007621920021
0,1,0,0,1,0,1,2,0,100000000,100000000,0.1405007621920021
0,1,0,0,0,0,1,2,1,100000000,100000000,0.1405007621920021
0,1,0,0,0,0,1,3,0,100000000,100000000,0.1405007621920021
0,1,0,0,1,0,0,3,0,100000000,100000000,0.1405007621920021
0,1,1,0,1,0,0,2,0,100000000,100000000,0.1405007621920021
0,1,0,0,1,0,0,2,1,100000000,100000000,0.1405007621920021
0,1,1,0,0,0,1,2,0,100000000,100000000,0.1405007621920021
0,0,2,0,0,1,2,0,0,100000000,100000000,0.12145832932438458
1,0,2,0,0,0,0,2,0,100000000,100000000,0.11447714301754021
0,3,0,0,2,0,0,0,0,100000000,100000000,0.11291752651910453
1,0,0,1,0,1,2,0,0,100000000,100000000,0.1080906804671497
1,0,2,0,2,0,0,0,0,100000000,100000000,0.10306549780377594
0,0,0,0,2,0,0,0,3,100000000,100000000,0.08787587708346989
0,1,1,0,0,1,0,2,0,100000000,100000000,0.0855129685479418
0,1,0,0,1,1,0,2,0,100000000,100000000,0.0855129685479418
0,1,0,0,0,2,0,2,0,100000000,100000000,0.0855129685479418
0,1,0,0,0,1,0,3,0,100000000,100000000,0.0855129685479418
0,1,0,0,0,1,1,2,0,100000000,100000000,0.0855129685479418
0,1,0,0,0,1,0,2,1,100000000,100000000,0.0855129685479418
1,0,0,1,0,0,0,0,3,100000000,100000000,0.07964783868087402
0,0,1,0,1,0,1,1,1,100000000,100000000,0.062495195305267134
0,2,0,0,2,1,0,0,0,100000000,100000000,0.05371131166788521
0,0,0,0,2,0,2,1,0,100000000,100000000,0.04127750216890126
0,0,0,0,2,0,3,0,0,100000000,100000000,0.04127750216890126
0,0,0,0,3,0,2,0,0,100000000,100000000,0.04127750216890126
0,0,0,0,2,0,2,0,1,100000000,100000000,0.04127750216890126
0,0,1,0,2,0,2,0,0,100000000,100000000,0.04127750216890126
0,2,0,1,0,1,0,0,1,100000000,100000000,0.03517291747891233
0,2,0,1,0,1,1,0,0,100000000,100000000,0.03517291747891233
0,2,0,1,0,2,0,0,0,100000000,100000000,0.03517291747891233
0,2,0,1,0,1,0,1,0,100000000,100000000,0.03517291747891233
0,2,0,1,1,1,0,0,0,100000000,100000000,0.03517291747891233
0,2,1,1,0,1,0,0,0,100000000,100000000,0.03517291747891233
0,2,0,2,0,1,0,0,0,100000000,100000000,0.03517291747891233
0,3,0,1,0,0,0,1,0,100000000,100000000,0.01983465763241559
0,3,0,1,0,0,0,0,1,100000000,100000000,0.01983465763241559
0,3,0,1,1,0,0,0,0,100000000,100000000,0.01983465763241559
0,3,0,1,0,0,1,0,0,100000000,100000000,0.01983465763241559
0,3,0,2,0,0,0,0,0,100000000,100000000,0.01983465763241559
0,3,1,1,0,0,0,0,0,100000000,100000000,0.01983465763241559
0,0,0,0,0,3,0,0,2,100000000,100000000,-0.00884403857520425
0,0,1,0,0,1,0,1,2,100000000,100000000,-0.030235507259733226
0,0,1,0,0,2,0,0,2,100000000,100000000,-0.030235507259733226
0,0,0,0,1,1,1,0,2,100000000,100000000,-0.030235507259733226
0,0,0,0,1,2,0,0,2,100000000,100000000,-0.030235507259733226
0,0,1,0,0,1,1,0,2,100000000,100000000,-0.030235507259733226
0,0,0,0,0,2,0,1,2,100000000,100000000,-0.030235507259733226
0,0,0,0,0,2,1,0,2,100000000,100000000,-0.030235507259733226
0,0,0,0,0,1,1,1,2,100000000,100000000,-0.030235507259733226
0,0,1,0,1,1,0,0,2,100000000,100000000,-0.030235507259733226
0,0,0,0,1,1,0,1,2,100000000,100000000,-0.030235507259733226
0,0,1,0,0,0,2,2,0,100000000,100000000,-0.04354248762822888
0,0,0,0,1,0,2,2,0,100000000,100000000,-0.04354248762822888
0,0,0,0,0,0,2,3,0,100000000,100000000,-0.04354248762822888
0,0,0,0,0,0,2,2,1,100000000,100000000,-0.04354248762822888
0,0,0,0,0,0,3,2,0,100000000,100000000,-0.04354248762822888
0,2,0,0,1,0,0,2,0,100000000,100000000,-0.04865673389012373
0,2,0,0,0,0,1,2,0,100000000,100000000,-0.04865673389012373
0,2,1,0,0,0,0,2,0,100000000,100000000,-0.04865673389012373
0,2,0,0,0,0,0,2,1,100000000,100000000,-0.04865673389012373
0,2,0,0,0,0,0,3,0,100000000,100000000,-0.04865673389012373
0,0,2,0,0,0,1,0,2,100000000,100000000,-0.0637410307778818
0,0,2,0,0,0,0,1,2,100000000,100000000,-0.0637410307778818
0,0,2,0,1,0,0,0,2,100000000,100000000,-0.0637410307778818
0,0,3,0,0,0,0,0,2,100000000,100000000,-0.0637410307778818
0,3,0,0,0,0,0,2,0,100000000,100000000,-0.06742589952429834
0,0,0,0,2,1,2,0,0,100000000,100000000,-0.09318891449776555
0,0,0,0,0,1,2,2,0,100000000,100000000,-0.10816365429489552
1,0,0,4,0,0,0,0,0,100000000,100000000,-0.11971920198801735
1,0,0,3,1,0,0,0,0,100000000,100000000,-0.11971920198801735
1,0,1,3,0,0,0,0,0,100000000,100000000,-0.11971920198801735
1,0,0,3,0,0,0,0,1,100000000,100000000,-0.11971920198801735
1,0,0,3,0,0,1,0,0,100000000,100000000,-0.11971920198801735
1,0,0,3,0,0,0,1,0,100000000,100000000,-0.11971920198801735
0,0,0,0,1,2,1,0,1,100000000,100000000,-0.12957315725883534
0,0,1,0,1,2,0,0,1,100000000,100000000,-0.12957315725883534
0,0,1,0,0,2,1,1,0,100000000,100000000,-0.12957315725883534
0,0,1,0,0,2,0,1,1,100000000,100000000,-0.12957315725883534
0,0,1,0,0,1,1,1,1,100000000,100000000,-0.12957315725883534
0,0,0,0,1,2,0,1,1,100000000,100000000,-0.12957315725883534
0,0,0,0,1,1,1,1,1,100000000,100000000,-0.12957315725883534
0,0,0,0,1,2,1,1,0,100000000,100000000,-0.12957315725883534
0,0,1,0,1,1,1,0,1,100000000,100000000,-0.12957315725883534
0,0,1,0,1,1,1,1,0,100000000,100000000,-0.12957315725883534
0,0,1,0,1,2,0,1,0,100000000,100000000,-0.12957315725883534
0,0,1,0,0,2,1,0,1,100000000,100000000,-0.12957315725883534
0,0,1,0,1,2,1,0,0,100000000,100000000,-0.12957315725883534
0,0,1,0,1,1,0,1,1,100000000,100000000,-0.12957315725883534
0,0,0,0,0,2,1,1,1,100000000,100000000,-0.12957315725883534
0,2,0,1,2,0,0,0,0,100000000,100000000,-0.1316492364175022
0,1,0,0,2,0,0,2,0,100000000,100000000,-0.14750270158795442
0,0,0,0,1,0,1,2,1,100000000,100000000,-0.15343000503826118
0,0,0,0,0,0,1,4,0,100000000,100000000,-0.15343000503826118
0,0,0,0,0,0,0,5,0,100000000,100000000,-0.15343000503826118
0,0,1,0,0,0,1,3,0,100000000,100000000,-0.15343000503826118
0,0,0,0,0,0,1,3,1,100000000,100000000,-0.15343000503826118
0,0,1,0,0,0,0,3,1,100000000,100000000,-0.15343000503826118
0,0,1,0,1,0,1,2,0,100000000,100000000,-0.15343000503826118
0,0,1,0,1,0,0,2,1,100000000,100000000,-0.15343000503826118
0,0,1,0,0,0,1,2,1,100000000,100000000,-0.15343000503826118
0,0,1,0,0,0,0,4,0,100000000,100000000,-0.15343000503826118
0,0,1,0,1,0,0,3,0,100000000,100000000,-0.15343000503826118
0,0,0,0,1,0,0,4,0,100000000,100000000,-0.15343000503826118
0,0,0,0,1,0,0,3,1,100000000,100000000,-0.15343000503826118
0,0,0,0,1,0,1,3,0,100000000,100000000,-0.15343000503826118
0,0,0,0,0,0,0,4,1,100000000,100000000,-0.15343000503826118
0,3,0,1,0,1,0,0,0,100000000,100000000,-0.16173022285297808
0,0,2,0,1,0,1,0,1,100000000,100000000,-0.16513351411031724
0,0,2,0,0,0,1,1,1,100000000,100000000,-0.16513351411031724
0,0,3,0,1,0,1,0,0,100000000,100000000,-0.16513351411031724
0,0,4,0,0,0,0,0,1,100000000,100000000,-0.16513351411031724
0,0,2,0,1,0,1,1,0,100000000,100000000,-0.16513351411031724
0,0,5,0,0,0,0,0,0,100000000,100000000,-0.16513351411031724
0,0,3,0,0,0,0,1,1,100000000,100000000,-0.16513351411031724
0,0,3,0,1,0,0,0,1,100000000,100000000,-0.16513351411031724
0,0,3,0,1,0,0,1,0,100000000,100000000,-0.16513351411031724
0,0,3,0,0,0,1,1,0,100000000,100000000,-0.16513351411031724
0,0,3,0,0,0,1,0,1,100000000,100000000,-0.16513351411031724
0,0,4,0,0,0,1,0,0,100000000,100000000,-0.16513351411031724
0,0,4,0,0,0,0,1,0,100000000,100000000,-0.16513351411031724
0,0,4,0,1,0,0,0,0,100000000,100000000,-0.16513351411031724
0,0,2,0,1,0,0,1,1,100000000,100000000,-0.16513351411031724
0,0,0,0,2,0,0,1,2,100000000,100000000,-0.17144993958319676
0,0,0,0,3,0,0,0,2,100000000,100000000,-0.17144993958319676
0,0,1,0,2,0,0,0,2,100000000,100000000,-0.17144993958319676
0,0,0,0,2,0,1,0,2,100000000,100000000,-0.17144993958319676
1,0,0,1,1,0,0,0,2,100000000,100000000,-0.17747697084293548
1,0,0,1,0,0,0,1,2,100000000,100000000,-0.17747697084293548
1,0,1,1,0,0,0,0,2,100000000,100000000,-0.17747697084293548
1,0,0,2,0,0,0,0,2,100000000,100000000,-0.17747697084293548
1,0,0,1,0,0,1,0,2,100000000,100000000,-0.17747697084293548
0,0,0,0,0,4,0,1,0,100000000,100000000,-0.1815717884988918
0,0,0,0,1,3,1,0,0,100000000,100000000,-0.1815717884988918
0,0,0,0,0,4,0,0,1,100000000,100000000,-0.1815717884988918
0,0,0,0,0,5,0,0,0,100000000,100000000,-0.1815717884988918
0,0,0,0,1,3,0,0,1,100000000,100000000,-0.1815717884988918
0,0,0,0,0,3,1,1,0,100000000,100000000,-0.1815717884988918
0,0,1,0,1,3,0,0,0,100000000,100000000,-0.1815717884988918
0,0,0,0,0,3,0,1,1,100000000,100000000,-0.1815717884988918
0,0,0,0,0,3,1,0,1,100000000,100000000,-0.1815717884988918
0,0,1,0,0,3,0,1,0,100000000,100000000,-0.1815717884988918
0,0,1,0,0,3,1,0,0,100000000,100000000,-0.1815717884988918
0,0,0,0,1,3,0,1,0,100000000,100000000,-0.1815717884988918
0,0,0,0,1,4,0,0,0,100000000,100000000,-0.1815717884988918
0,0,0,0,0,4,1,0,0,100000000,100000000,-0.1815717884988918
0,0,1,0,0,4,0,0,0,100000000,100000000,-0.1815717884988918
0,0,1,0,0,3,0,0,1,100000000,100000000,-0.1815717884988918
0,2,0,0,0,1,0,2,0,100000000,100000000,-0.1879342317533717
1,0,1,2,0,0,0,1,0,100000000,100000000,-0.19086267823757402
1,0,1,1,0,0,1,1,0,100000000,100000000,-0.19086267823757402
1,0,1,1,0,0,1,0,1,100000000,100000000,-0.19086267823757402
1,0,1,2,0,0,1,0,0,100000000,100000000,-0.19086267823757402
1,0,0,1,1,0,1,1,0,100000000,100000000,-0.19086267823757402
1,0,1,1,0,0,0,1,1,100000000,100000000,-0.19086267823757402
1,0,0,2,0,0,1,0,1,100000000,100000000,-0.19086267823757402
1,0,0,2,0,0,1,1,0,100000000,100000000,-0.19086267823757402
1,0,0,2,1,0,0,1,0,100000000,100000000,-0.19086267823757402
1,0,0,2,1,0,0,0,1,100000000,100000000,-0.19086267823757402
1,0,0,2,1,0,1,0,0,100000000,100000000,-0.19086267823757402
1,0,0,2,0,0,0,1,1,100000000,100000000,-0.19086267823757402
1,0,1,2,1,0,0,0,0,100000000,100000000,-0.19086267823757402
1,0,1,2,0,0,0,0,1,100000000,100000000,-0.19086267823757402
1,0,1,1,1,0,1,0,0,100000000,100000000,-0.19086267823757402
1,0,1,1,1,0,0,1,0,100000000,100000000,-0.19086267823757402
1,0,1,1,1,0,0,0,1,100000000,100000000,-0.19086267823757402
1,0,0,1,1,0,1,0,1,100000000,100000000,-0.19086267823757402
1,0,0,1,0,0,1,1,1,100000000,100000000,-0.19086267823757402
1,0,0,1,1,0,0,1,1,100000000,100000000,-0.19086267823757402
0,0,0,0,0,2,0,3,0,100000000,100000000,-0.2267557550382611
0,0,0,0,0,2,1,2,0,100000000,100000000,-0.2267557550382611
0,0,1,0,1,1,0,2,0,100000000,100000000,-0.2267557550382611
0,0,1,0,0,1,1,2,0,100000000,100000000,-0.2267557550382611
0,0,1,0,0,2,0,2,0,100000000,100000000,-0.2267557550382611
0,0,1,0,0,1,0,2,1,100000000,100000000,-0.2267557550382611
0,0,1,0,0,1,0,3,0,100000000,100000000,-0.2267557550382611
0,0,0,0,1,1,1,2,0,100000000,100000000,-0.2267557550382611
0,0,0,0,1,2,0,2,0,100000000,100000000,-0.2267557550382611
0,0,0,0,1,1,0,2,1,100000000,100000000,-0.2267557550382611
0,0,0,0,1,1,0,3,0,100000000,100000000,-0.2267557550382611
0,0,0,0,0,1,0,3,1,100000000,100000000,-0.2267557550382611
0,0,0,0,0,1,0,4,0,100000000,100000000,-0.2267557550382611
0,0,0,0,0,1,1,2,1,100000000,100000000,-0.2267557550382611
0,0,0,0,0,1,1,3,0,100000000,100000000,-0.2267557550382611
0,0,0,0,0,2,0,2,1,100000000,100000000,-0.2267557550382611
1,0,0,3,0,1,0,0,0,100000000,100000000,-0.2418749258937411
0,0,2,0,0,1,0,0,2,100000000,100000000,-0.25786421667531767
1,0,0,1,0,1,0,0,2,100000000,100000000,-0.30168752808199245
1,0,0,1,1,1,0,1,0,100000000,100000000,-0.31301840214329796
1,0,0,1,1,1,1,0,0,100000000,100000000,-0.31301840214329796
1,0,0,2,0,1,1,0,0,100000000,100000000,-0.31301840214329796
1,0,0,2,0,1,0,1,0,100000000,100000000,-0.31301840214329796
1,0,0,1,1,2,0,0,0,100000000,100000000,-0.31301840214329796
1,0,0,1,0,1,1,1,0,100000000,100000000,-0.31301840214329796
1,0,0,2,0,2,0,0,0,100000000,100000000,-0.31301840214329796
1,0,1,1,1,1,0,0,0,100000000,100000000,-0.31301840214329796
1,0,1,1,0,1,0,1,0,100000000,100000000,-0.31301840214329796
1,0,0,1,0,1,1,0,1,100000000,100000000,-0.31301840214329796
1,0,0,1,0,2,0,1,0,100000000,100000000,-0.31301840214329796
1,0,0,1,0,2,1,0,0,100000000,100000000,-0.31301840214329796
1,0,0,1,0,2,0,0,1,100000000,100000000,-0.31301840214329796
1,0,0,1,0,1,0,1,1,100000000,100000000,-0.31301840214329796
1,0,1,1,0,1,0,0,1,100000000,100000000,-0.31301840214329796
1,0,0,2,0,1,0,0,1,100000000,100000000,-0.31301840214329796
1,0,1,2,0,1,0,0,0,100000000,100000000,-0.31301840214329796
1,0,1,1,0,1,1,0,0,100000000,100000000,-0.31301840214329796
1,0,1,1,0,2,0,0,0,100000000,100000000,-0.31301840214329796
1,0,0,2,1,1,0,0,0,100000000,100000000,-0.31301840214329796
1,0,0,1,1,1,0,0,1,100000000,100000000,-0.31301840214329796
0,0,0,0,0,3,0,2,0,100000000,100000000,-0.3155746068665529
0,0,0,0,4,0,0,0,1,100000000,100000000,-0.31765658958229925
0,0,1,0,3,0,0,0,1,100000000,100000000,-0.31765658958229925
0,0,0,0,3,0,1,0,1,100000000,100000000,-0.31765658958229925
0,0,0,0,2,0,1,1,1,100000000,100000000,-0.31765658958229925
0,0,1,0,3,0,1,0,0,100000000,100000000,-0.31765658958229925
0,0,1,0,4,0,0,0,0,100000000,100000000,-0.31765658958229925
0,0,1,0,3,0,0,1,0,100000000,100000000,-0.31765658958229925
0,0,1,0,2,0,0,1,1,100000000,100000000,-0.31765658958229925
0,0,0,0,3,0,0,1,1,100000000,100000000,-0.31765658958229925
0,0,0,0,5,0,0,0,0,100000000,100000000,-0.31765658958229925
0,0,0,0,3,0,1,1,0,100000000,100000000,-0.31765658958229925
0,0,0,0,4,0,1,0,0,100000000,100000000,-0.31765658958229925
0,0,1,0,2,0,1,1,0,100000000,100000000,-0.31765658958229925
0,0,0,0,4,0,0,1,0,100000000,100000000,-0.31765658958229925
0,0,1,0,2,0,1,0,1,100000000,100000000,-0.31765658958229925
0,1,0,1,0,1,0,2,0,100000000,100000000,-0.3194895478077393
0,0,2,0,1,1,1,0,0,100000000,100000000,-0.35720186667441994
0,0,2,0,1,1,0,1,0,100000000,100000000,-0.35720186667441994
0,0,3,0,0,2,0,0,0,100000000,100000000,-0.35720186667441994
0,0,4,0,0,1,0,0,0,100000000,100000000,-0.35720186667441994
0,0,3,0,1,1,0,0,0,100000000,100000000,-0.35720186667441994
0,0,3,0,0,1,0,0,1,100000000,100000000,-0.35720186667441994
0,0,3,0,0,1,0,1,0,100000000,100000000,-0.35720186667441994
0,0,3,0,0,1,1,0,0,100000000,100000000,-0.35720186667441994
0,0,2,0,0,1,1,0,1,100000000,100000000,-0.35720186667441994
0,0,2,0,0,1,0,1,1,100000000,100000000,-0.35720186667441994
0,0,2,0,1,1,0,0,1,100000000,100000000,-0.35720186667441994
0,0,2,0,1,2,0,0,0,100000000,100000000,-0.35720186667441994
0,0,2,0,0,2,1,0,0,100000000,100000000,-0.35720186667441994
0,0,2,0,0,2,0,1,0,100000000,100000000,-0.35720186667441994
0,0,2,0,0,2,0,0,1,100000000,100000000,-0.35720186667441994
0,0,2,0,0,1,1,1,0,100000000,100000000,-0.35720186667441994
0,0,0,0,2,1,0,0,2,100000000,100000000,-0.3655731254806326
0,1,0,1,0,0,0,2,1,100000000,100000000,-0.39971955624701283
0,1,0,1,1,0,0,2,0,100000000,100000000,-0.39971955624701283
0,1,0,1,0,0,1,2,0,100000000,100000000,-0.39971955624701283
0,1,0,2,0,0,0,2,0,100000000,100000000,-0.39971955624701283
0,1,0,1,0,0,0,3,0,100000000,100000000,-0.39971955624701283
0,1,1,1,0,0,0,2,0,100000000,100000000,-0.39971955624701283
1,0,0,1,0,0,0,2,1,100000000,100000000,-0.40522198863405984
1,0,0,1,0,0,1,2,0,100000000,100000000,-0.40522198863405984
1,0,0,1,1,0,0,2,0,100000000,100000000,-0.40522198863405984
1,0,0,2,0,0,0,2,0,100000000,100000000,-0.40522198863405984
1,0,1,1,0,0,0,2,0,100000000,100000000,-0.40522198863405984
1,0,0,1,0,0,0,3,0,100000000,100000000,-0.40522198863405984
0,0,2,0,0,3,0,0,0,100000000,100000000,-0.40920049791447627
1,0,2,1,0,0,0,0,1,100000000,100000000,-0.4184913876531586
1,0,2,1,0,0,0,1,0,100000000,100000000,-0.4184913876531586
1,0,3,1,0,0,0,0,0,100000000,100000000,-0.4184913876531586
1,0,2,2,0,0,0,0,0,100000000,100000000,-0.4184913876531586
1,0,2,1,0,0,1,0,0,100000000,100000000,-0.4184913876531586
1,0,2,1,1,0,0,0,0,100000000,100000000,-0.4184913876531586
0,2,0,1,0,0,0,2,0,100000000,100000000,-0.42565889394238665
0,0,2,0,0,0,1,2,0,100000000,100000000,-0.48837010334273456
0,0,2,0,0,0,0,3,0,100000000,100000000,-0.48837010334273456
0,0,2,0,1,0,0,2,0,100000000,100000000,-0.48837010334273456
0,0,3,0,0,0,0,2,0,100000000,100000000,-0.48837010334273456
0,0,2,0,0,0,0,2,1,100000000,100000000,-0.48837010334273456
0,0,0,0,2,0,0,3,0,100000000,100000000,-0.5064438211758273
0,0,0,0,2,0,0,2,1,100000000,100000000,-0.5064438211758273
0,0,0,0,2,0,1,2,0,100000000,100000000,-0.5064438211758273
0,0,0,0,3,0,0,2,0,100000000,100000000,-0.5064438211758273
0,0,1,0,2,0,0,2,0,100000000,100000000,-0.5064438211758273
0,0,0,0,2,1,0,1,1,100000000,100000000,-0.511779775479735
0,0,1,0,2,1,0,1,0,100000000,100000000,-0.511779775479735
0,0,0,0,2,2,0,1,0,100000000,100000000,-0.511779775479735
0,0,0,0,2,2,1,0,0,100000000,100000000,-0.511779775479735
0,0,0,0,2,2,0,0,1,100000000,100000000,-0.511779775479735
0,0,0,0,2,1,1,1,0,100000000,100000000,-0.511779775479735
0,0,0,0,3,1,0,1,0,100000000,100000000,-0.511779775479735
0,0,0,0,3,1,1,0,0,100000000,100000000,-0.511779775479735
0,0,1,0,2,1,1,0,0,100000000,100000000,-0.511779775479735
0,0,1,0,2,2,0,0,0,100000000,100000000,-0.511779775479735
0,0,1,0,3,1,0,0,0,100000000,100000000,-0.511779775479735
0,0,0,0,3,1,0,0,1,100000000,100000000,-0.511779775479735
0,0,0,0,4,1,0,0,0,100000000,100000000,-0.511779775479735
0,0,1,0,2,1,0,0,1,100000000,100000000,-0.511779775479735
0,0,0,0,2,1,1,0,1,100000000,100000000,-0.511779775479735
0,0,0,0,3,2,0,0,0,100000000,100000000,-0.511779775479735
1,0,0,1,2,0,0,1,0,100000000,100000000,-0.5247053561476273
1,0,0,1,2,0,0,0,1,100000000,100000000,-0.5247053561476273
1,0,0,1,2,0,1,0,0,100000000,100000000,-0.5247053561476273
1,0,0,1,3,0,0,0,0,100000000,100000000,-0.5247053561476273
1,0,1,1,2,0,0,0,0,100000000,100000000,-0.5247053561476273
1,0,0,2,2,0,0,0,0,100000000,100000000,-0.5247053561476273
1,0,0,1,0,1,0,2,0,100000000,100000000,-0.5273777125397838
1,0,0,1,0,3,0,0,0,100000000,100000000,-0.5295551219630782
1,0,2,1,0,1,0,0,0,100000000,100000000,-0.5406471115588829
0,0,2,0,2,0,1,0,0,100000000,100000000,-0.5452852989978832
0,0,2,0,2,0,0,0,1,100000000,100000000,-0.5452852989978832
0,0,2,0,2,0,0,1,0,100000000,100000000,-0.5452852989978832
0,0,3,0,2,0,0,0,0,100000000,100000000,-0.5452852989978832
0,0,2,0,3,0,0,0,0,100000000,100000000,-0.5452852989978832
0,0,0,1,0,0,2,0,2,100000000,100000000,-0.5487744611902415
0,0,2,0,0,1,0,2,0,100000000,100000000,-0.5616958533427348
0,0,0,0,2,3,0,0,0,100000000,100000000,-0.5637784067197913
0,0,0,0,2,1,0,2,0,100000000,100000000,-0.5818244045091608
0,0,0,3,0,0,2,0,0,100000000,100000000,-0.5987519864182815
1,0,0,1,2,1,0,0,0,100000000,100000000,-0.6143562652385364
0,0,0,1,0,0,4,0,0,100000000,100000000,-0.6482738820226771
0,0,0,1,0,0,3,1,0,100000000,100000000,-0.6482738820226771
0,0,1,1,1,0,2,0,0,100000000,100000000,-0.6482738820226771
0,0,0,1,1,0,3,0,0,100000000,100000000,-0.6482738820226771
0,0,0,2,0,0,3,0,0,100000000,100000000,-0.6482738820226771
0,0,0,2,0,0,2,1,0,100000000,100000000,-0.6482738820226771
0,0,1,1,0,0,2,0,1,100000000,100000000,-0.6482738820226771
0,0,0,2,0,0,2,0,1,100000000,100000000,-0.6482738820226771
0,0,0,1,0,0,3,0,1,100000000,100000000,-0.6482738820226771
0,0,0,1,0,0,2,1,1,100000000,100000000,-0.6482738820226771
0,0,1,2,0,0,2,0,0,100000000,100000000,-0.6482738820226771
0,0,0,2,1,0,2,0,0,100000000,100000000,-0.6482738820226771
0,0,1,1,0,0,3,0,0,100000000,100000000,-0.6482738820226771
0,0,0,1,1,0,2,1,0,100000000,100000000,-0.6482738820226771
0,0,1,1,0,0,2,1,0,100000000,100000000,-0.6482738820226771
0,0,0,1,1,0,2,0,1,100000000,100000000,-0.6482738820226771
0,0,2,0,2,1,0,0,0,100000000,100000000,-0.7394084848953196
0,0,0,2,0,1,2,0,0,100000000,100000000,-0.7529456320226773
0,0,1,1,0,1,2,0,0,100000000,100000000,-0.7529456320226773
0,0,0,1,0,1,2,0,1,100000000,100000000,-0.7529456320226773
0,0,0,1,0,2,2,0,0,100000000,100000000,-0.7529456320226773
0,0,0,1,1,1,2,0,0,100000000,100000000,-0.7529456320226773
0,0,0,1,0,1,2,1,0,100000000,100000000,-0.7529456320226773
0,0,0,1,0,1,3,0,0,100000000,100000000,-0.7529456320226773
0,0,2,1,0,0,2,0,0,100000000,100000000,-0.7978116823473527
0,0,0,1,2,0,2,0,0,100000000,100000000,-0.998281144423471
0,0,0,1,0,0,0,0,4,100000000,100000000,-1.1807214410084927
0,0,0,1,1,0,0,0,3,100000000,100000000,-1.1807214410084927
0,0,0,2,0,0,0,0,3,100000000,100000000,-1.1807214410084927
0,0,0,1,0,0,0,1,3,100000000,100000000,-1.1807214410084927
0,0,1,1,0,0,0,0,3,100000000,100000000,-1.1807214410084927
0,0,0,1,0,0,1,0,3,100000000,100000000,-1.1807214410084927
0,0,0,1,0,0,2,2,0,100000000,100000000,-1.1948223139578444
0,0,0,1,0,1,0,0,3,100000000,100000000,-1.2773121269059289
0,0,0,3,0,0,0,0,2,100000000,100000000,-1.3883243549279063
0,0,1,1,0,0,1,0,2,100000000,100000000,-1.4378462505323022
0,0,0,1,0,0,1,1,2,100000000,100000000,-1.4378462505323022
0,0,1,2,0,0,0,0,2,100000000,100000000,-1.4378462505323022
0,0,1,1,1,0,0,0,2,100000000,100000000,-1.4378462505323022
0,0,1,1,0,0,0,1,2,100000000,100000000,-1.4378462505323022
0,0,0,1,1,0,1,0,2,100000000,100000000,-1.4378462505323022
0,0,0,2,1,0,0,0,2,100000000,100000000,-1.4378462505323022
0,0,0,1,1,0,0,1,2,100000000,100000000,-1.4378462505323022
0,0,0,2,0,0,0,1,2,100000000,100000000,-1.4378462505323022
0,0,0,2,0,0,1,0,2,100000000,100000000,-1.4378462505323022
0,0,0,4,0,0,0,1,0,100000000,100000000,-1.4878237757603414
0,0,0,4,0,0,0,0,1,100000000,100000000,-1.4878237757603414
0,0,0,5,0,0,0,0,0,100000000,100000000,-1.4878237757603414
0,0,0,3,1,0,1,0,0,100000000,100000000,-1.4878237757603414
0,0,0,3,1,0,0,1,0,100000000,100000000,-1.4878237757603414
0,0,0,3,1,0,0,0,1,100000000,100000000,-1.4878237757603414
0,0,0,3,0,0,1,0,1,100000000,100000000,-1.4878237757603414
0,0,0,3,0,0,1,1,0,100000000,100000000,-1.4878237757603414
0,0,1,3,0,0,0,1,0,100000000,100000000,-1.4878237757603414
0,0,0,3,0,0,0,1,1,100000000,100000000,-1.4878237757603414
0,0,1,3,0,0,0,0,1,100000000,100000000,-1.4878237757603414
0,0,1,3,0,0,1,0,0,100000000,100000000,-1.4878237757603414
0,0,1,4,0,0,0,0,0,100000000,100000000,-1.4878237757603414
0,0,1,3,1,0,0,0,0,100000000,100000000,-1.4878237757603414
0,0,0,4,0,0,1,0,0,100000000,100000000,-1.4878237757603414
0,0,0,4,1,0,0,0,0,100000000,100000000,-1.4878237757603414
0,0,1,1,0,1,0,0,2,100000000,100000000,-1.5344369364297377
0,0,0,1,0,1,0,1,2,100000000,100000000,-1.5344369364297377
0,0,0,1,1,1,0,0,2,100000000,100000000,-1.5344369364297377
0,0,0,2,0,1,0,0,2,100000000,100000000,-1.5344369364297377
0,0,0,1,0,1,1,0,2,100000000,100000000,-1.5344369364297377
0,0,0,1,0,2,0,0,2,100000000,100000000,-1.5344369364297377
0,0,0,1,0,0,0,2,2,100000000,100000000,-1.536328006878964
0,0,1,2,0,0,1,0,1,100000000,100000000,-1.5373456713647373
0,0,1,1,1,0,1,0,1,100000000,100000000,-1.5373456713647373
0,0,0,2,0,0,1,1,1,100000000,100000000,-1.5373456713647373
0,0,1,2,1,0,0,1,0,100000000,100000000,-1.5373456713647373
0,0,1,2,1,0,0,0,1,100000000,100000000,-1.5373456713647373
0,0,1,2,1,0,1,0,0,100000000,100000000,-1.5373456713647373
0,0,1,1,0,0,1,1,1,100000000,100000000,-1.5373456713647373
0,0,1,1,1,0,1,1,0,100000000,100000000,-1.5373456713647373
0,0,1,2,0,0,0,1,1,100000000,100000000,-1.5373456713647373
0,0,1,2,0,0,1,1,0,100000000,100000000,-1.5373456713647373
0,0,1,1,1,0,0,1,1,100000000,100000000,-1.5373456713647373
0,0,0,2,1,0,0,1,1,100000000,100000000,-1.5373456713647373
0,0,0,2,1,0,1,1,0,100000000,100000000,-1.5373456713647373
0,0,0,2,1,0,1,0,1,100000000,100000000,-1.5373456713647373
0,0,0,1,1,0,1,1,1,100000000,100000000,-1.5373456713647373
0,0,0,3,0,1,1,0,0,100000000,100000000,-1.5823596283244443
0,0,0,3,1,1,0,0,0,100000000,100000000,-1.5823596283244443
0,0,1,3,0,1,0,0,0,100000000,100000000,-1.5823596283244443
0,0,0,3,0,1,0,1,0,100000000,100000000,-1.5823596283244443
0,0,0,3,0,1,0,0,1,100000000,100000000,-1.5823596283244443
0,0,0,3,0,2,0,0,0,100000000,100000000,-1.5823596283244443
0,0,0,4,0,1,0,0,0,100000000,100000000,-1.5823596283244443
0,0,1,1,1,2,0,0,0,100000000,100000000,-1.6318815239288398
0,0,1,1,0,1,1,0,1,100000000,100000000,-1.6318815239288398
0,0,1,1,0,1,0,1,1,100000000,100000000,-1.6318815239288398
0,0,1,2,1,1,0,0,0,100000000,100000000,-1.6318815239288398
0,0,1,2,0,2,0,0,0,100000000,100000000,-1.6318815239288398
0,0,1,2,0,1,1,0,0,100000000,100000000,-1.6318815239288398
0,0,1,1,1,1,0,0,1,100000000,100000000,-1.6318815239288398
0,0,1,1,1,1,0,1,0,100000000,100000000,-1.6318815239288398
0,0,1,1,1,1,1,0,0,100000000,100000000,-1.6318815239288398
0,0,0,1,1,1,0,1,1,100000000,100000000,-1.6318815239288398
0,0,0,1,1,1,1,0,1,100000000,100000000,-1.6318815239288398
0,0,0,1,1,2,0,0,1,100000000,100000000,-1.6318815239288398
0,0,0,1,1,2,0,1,0,100000000,100000000,-1.6318815239288398
0,0,0,1,1,2,1,0,0,100000000,100000000,-1.6318815239288398
0,0,1,1,0,2,1,0,0,100000000,100000000,-1.6318815239288398
0,0,0,1,1,1,1,1,0,100000000,100000000,-1.6318815239288398
0,0,0,2,0,2,1,0,0,100000000,100000000,-1.6318815239288398
0,0,1,2,0,1,0,0,1,100000000,100000000,-1.6318815239288398
0,0,1,2,0,1,0,1,0,100000000,100000000,-1.6318815239288398
0,0,0,2,0,2,0,0,1,100000000,100000000,-1.6318815239288398
0,0,0,2,0,1,1,1,0,100000000,100000000,-1.6318815239288398
0,0,0,2,0,1,1,0,1,100000000,100000000,-1.6318815239288398
0,0,0,2,0,1,0,1,1,100000000,100000000,-1.6318815239288398
0,0,1,1,0,2,0,1,0,100000000,100000000,-1.6318815239288398
0,0,0,1,0,2,1,1,0,100000000,100000000,-1.6318815239288398
0,0,0,1,0,2,1,0,1,100000000,100000000,-1.6318815239288398
0,0,0,2,0,2,0,1,0,100000000,100000000,-1.6318815239288398
0,0,0,1,0,2,0,1,1,100000000,100000000,-1.6318815239288398
0,0,0,1,0,1,1,1,1,100000000,100000000,-1.6318815239288398
0,0,0,2,1,1,0,1,0,100000000,100000000,-1.6318815239288398
0,0,0,2,1,1,0,0,1,100000000,100000000,-1.6318815239288398
0,0,0,2,1,1,1,0,0,100000000,100000000,-1.6318815239288398
0,0,0,2,1,2,0,0,0,100000000,100000000,-1.6318815239288398
0,0,1,1,0,1,1,1,0,100000000,100000000,-1.6318815239288398
0,0,1,1,0,2,0,0,1,100000000,100000000,-1.6318815239288398
0,0,2,1,0,0,0,0,2,100000000,100000000,-1.6654749599478862
0,0,0,2,0,3,0,0,0,100000000,100000000,-1.7039861690851545
0,0,0,1,1,3,0,0,0,100000000,100000000,-1.7039861690851545
0,0,0,1,0,3,0,0,1,100000000,100000000,-1.7039861690851545
0,0,0,1,0,4,0,0,0,100000000,100000000,-1.7039861690851545
0,0,1,1,0,3,0,0,0,100000000,100000000,-1.7039861690851545
0,0,0,1,0,3,0,1,0,100000000,100000000,-1.7039861690851545
0,0,0,1,0,3,1,0,0,100000000,100000000,-1.7039861690851545
0,0,2,3,0,0,0,0,0,100000000,100000000,-1.7154524851759265
0,0,0,1,2,0,0,0,2,100000000,100000000,-1.7430393462664284
0,0,2,1,1,0,0,0,1,100000000,100000000,-1.764974380780322
0,0,2,1,0,0,1,1,0,100000000,100000000,-1.764974380780322
0,0,2,1,0,0,0,1,1,100000000,100000000,-1.764974380780322
0,0,2,2,0,0,0,1,0,100000000,100000000,-1.764974380780322
0,0,2,2,0,0,1,0,0,100000000,100000000,-1.764974380780322
0,0,2,2,1,0,0,0,0,100000000,100000000,-1.764974380780322
0,0,3,1,0,0,1,0,0,100000000,100000000,-1.764974380780322
0,0,3,1,0,0,0,0,1,100000000,100000000,-1.764974380780322
0,0,2,2,0,0,0,0,1,100000000,100000000,-1.764974380780322
0,0,3,1,1,0,0,0,0,100000000,100000000,-1.764974380780322
0,0,3,1,0,0,0,1,0,100000000,100000000,-1.764974380780322
0,0,2,1,1,0,0,1,0,100000000,100000000,-1.764974380780322
0,0,2,1,1,0,1,0,0,100000000,100000000,-1.764974380780322
0,0,3,2,0,0,0,0,0,100000000,100000000,-1.764974380780322
0,0,4,1,0,0,0,0,0,100000000,100000000,-1.764974380780322
0,0,2,1,0,0,1,0,1,100000000,100000000,-1.764974380780322
0,0,0,3,2,0,0,0,0,100000000,100000000,-1.791267228637326
0,0,2,1,0,2,0,0,0,100000000,100000000,-1.8595102333444253
0,0,2,2,0,1,0,0,0,100000000,100000000,-1.8595102333444253
0,0,2,1,0,1,1,0,0,100000000,100000000,-1.8595102333444253
0,0,2,1,1,1,0,0,0,100000000,100000000,-1.8595102333444253
0,0,3,1,0,1,0,0,0,100000000,100000000,-1.8595102333444253
0,0,2,1,0,1,0,1,0,100000000,100000000,-1.8595102333444253
0,0,2,1,0,1,0,0,1,100000000,100000000,-1.8595102333444253
0,0,0,3,0,0,0,2,0,100000000,100000000,-1.8669928740950825
0,0,0,2,2,0,0,1,0,100000000,100000000,-1.8873529337655321
0,0,0,2,2,0,0,0,1,100000000,100000000,-1.8873529337655321
0,0,0,1,3,0,1,0,0,100000000,100000000,-1.8873529337655321
0,0,0,1,4,0,0,0,0,100000000,100000000,-1.8873529337655321
0,0,1,1,2,0,0,0,1,100000000,100000000,-1.8873529337655321
0,0,1,1,2,0,1,0,0,100000000,100000000,-1.8873529337655321
0,0,1,1,2,0,0,1,0,100000000,100000000,-1.8873529337655321
0,0,0,2,3,0,0,0,0,100000000,100000000,-1.8873529337655321
0,0,0,1,2,0,1,0,1,100000000,100000000,-1.8873529337655321
0,0,0,1,2,0,0,1,1,100000000,100000000,-1.8873529337655321
0,0,0,2,2,0,1,0,0,100000000,100000000,-1.8873529337655321
0,0,1,2,2,0,0,0,0,100000000,100000000,-1.8873529337655321
0,0,0,1,3,0,0,0,1,100000000,100000000,-1.8873529337655321
0,0,0,1,2,0,1,1,0,100000000,100000000,-1.8873529337655321
0,0,0,1,3,0,0,1,0,100000000,100000000,-1.8873529337655321
0,0,1,1,3,0,0,0,0,100000000,100000000,-1.8873529337655321
0,0,0,1,0,0,0,3,1,100000000,100000000,-1.916514769699478
0,0,0,1,0,0,0,4,0,100000000,100000000,-1.916514769699478
0,0,1,1,1,0,0,2,0,100000000,100000000,-1.916514769699478
0,0,0,2,0,0,0,2,1,100000000,100000000,-1.916514769699478
0,0,1,1,0,0,0,2,1,100000000,100000000,-1.916514769699478
0,0,1,2,0,0,0,2,0,100000000,100000000,-1.916514769699478
0,0,0,1,1,0,0,2,1,100000000,100000000,-1.916514769699478
0,0,0,1,1,0,0,3,0,100000000,100000000,-1.916514769699478
0,0,0,2,0,0,0,3,0,100000000,100000000,-1.916514769699478
0,0,0,2,1,0,0,2,0,100000000,100000000,-1.916514769699478
0,0,1,1,0,0,1,2,0,100000000,100000000,-1.916514769699478
0,0,1,1,0,0,0,3,0,100000000,100000000,-1.916514769699478
0,0,0,1,0,0,1,2,1,100000000,100000000,-1.916514769699478
0,0,0,1,0,0,1,3,0,100000000,100000000,-1.916514769699478
0,0,0,1,1,0,1,2,0,100000000,100000000,-1.916514769699478
0,0,0,2,0,0,1,2,0,100000000,100000000,-1.916514769699478
0,0,1,1,0,1,0,2,0,100000000,100000000,-1.9621006863661443
0,0,0,1,0,1,0,3,0,100000000,100000000,-1.9621006863661443
0,0,0,1,0,1,0,2,1,100000000,100000000,-1.9621006863661443
0,0,0,1,1,1,0,2,0,100000000,100000000,-1.9621006863661443
0,0,0,1,0,2,0,2,0,100000000,100000000,-1.9621006863661443
0,0,0,1,0,1,1,2,0,100000000,100000000,-1.9621006863661443
0,0,0,2,0,1,0,2,0,100000000,100000000,-1.9621006863661443
0,0,0,1,2,1,0,0,1,100000000,100000000,-1.9839436196629674
0,0,0,1,2,1,0,1,0,100000000,100000000,-1.9839436196629674
0,0,0,1,2,1,1,0,0,100000000,100000000,-1.9839436196629674
0,0,0,1,3,1,0,0,0,100000000,100000000,-1.9839436196629674
0,0,0,1,2,2,0,0,0,100000000,100000000,-1.9839436196629674
0,0,0,2,2,1,0,0,0,100000000,100000000,-1.9839436196629674
0,0,1,1,2,1,0,0,0,100000000,100000000,-1.9839436196629674
0,0,2,1,2,0,0,0,0,100000000,100000000,-2.1149816431811157
0,0,0,1,2,0,0,2,0,100000000,100000000,-2.2393840633502706
0,0,2,1,0,0,0,2,0,100000000,100000000,-2.251454868003951
